-50.46028,-26.83325
-80.21103,-59.35934
-28.99401,-25.98136
-54.52713,-2.67882
-105.1364,56.16221
-95.06033,-2.03568
-74.5849,-17.02438
-56.43544,10.55715
-46.05238,12.00401
-52.96446,-17.41023
-116.80582,-29.55601
-70.23569,32.52102
-33.96623,22.84089
-92.65968,-26.37159
-49.98546,24.27204
-45.94504,35.80069
-52.19048,30.51992
-85.91208,-5.85138
,
-62.38631,15.27929
-3.44082,44.53418
33.84422,0.21629
22.05872,-11.73787
93.71553,9.31994
50.87097,17.12014
,
-62.38631,15.27929
-3.44082,44.53418
33.84422,0.21629
22.05872,-11.73787
93.71553,9.31994
50.87097,17.12014
,
-0.63495,13.1653
22.75459,-3.67215
-24.71049,-33.76378
-21.77835,-15.7865
-53.36092,0.93208
-27.91761,-27.7393
-20.93719,-37.42195
-64.42853,-20.8798
-59.31633,5.07854
-79.38527,-28.77892
-45.5715,-29.17813
-41.43554,-23.76114
-51.05487,-14.15706
-107.57109,-11.21648
-76.03051,-30.08872
,
-116.27513,7.22911
-85.19678,10.37496
-87.31757,-23.14522
-63.11295,-56.28713
-91.73219,-62.86122
-101.27262,-72.07319
-87.4388,-19.83685
-131.91993,-26.43601
-128.04269,-5.70977
-119.84016,-15.5834
,
-1.41069,-45.67762
-34.19034,14.43241
-7.70003,21.36375
-54.35616,29.90689
2.03477,17.68222
4.62965,24.07648
-21.22878,11.44947
,
-34.7077,7.01621
-20.242,-14.87543
26.01093,-34.40248
19.88828,12.43557
35.72232,-10.99801
60.95365,15.96474
,
-47.84749,7.64539
-11.96212,-29.86953
-21.4668,-17.55122
-43.48878,-31.32192
13.47506,-36.60972
-8.25243,-32.77096
-27.86537,-12.20442
10.98118,-24.84704
-157.63504,-166.11336
-19.90951,24.39619
-33.54312,-2.26192
-14.37428,-2.04812
-49.17092,66.10314
-80.39201,34.63565
-64.57279,46.95524
,
-46.13286,30.34142
-33.00068,8.27163
-16.59766,-13.97609
-32.10135,4.6273
-1.03458,-4.51034
-41.30255,28.36962
-31.19509,36.2366
-37.14022,7.71109
9.36839,0.24656
-23.86702,32.07135
-11.98571,7.46476
-25.96208,-26.9556
-24.04858,14.62695
-19.51921,-49.41667
,
-11.55188,18.19377
2.64078,70.64059
-6.27135,46.81048
-140.63754,83.12159
-37.17972,15.97719
-43.87954,51.69962
,
-79.21682,-13.05836
-104.85466,97.17099
-15.26484,0.0151
74.01373,45.6808
-115.11354,-8.85544
-120.69647,15.92521
,
-141.06179,-28.54227
-110.41137,-160.71141
-123.25106,-104.79761
-218.39664,-94.10187
-130.88268,-82.78833
-124.58863,-110.52919
-64.20332,-58.8661
-93.97936,1.92828
-99.56862,-117.09037
-61.06494,-58.89014
-138.65546,-107.07894
-47.89243,-40.57389
-90.18532,-102.60059
-101.71597,48.08459
-95.0396,6.61079
,
-101.04911,-88.23611
18.37916,58.65149
-54.61613,-96.79348
0.62522,-174.65151
-16.0267,-144.70283
-69.82317,-21.31324
-185.66212,-40.30242
-163.52083,36.97561
-131.63818,-49.13779
,
-11.12558,37.14334
-7.9073,58.36533
50.00846,53.8559
7.31697,43.78583
-14.313,-38.70262
-10.99992,0.71912
0.77886,-47.68905
-36.10971,71.26625
,
2.0463,-0.77963
-39.37026,-24.52576
-129.86791,42.61577
-26.20998,44.60663
10.9599,37.25138
-69.99419,-2.45825
-15.2043,14.65659
24.10909,-9.45621
-44.70902,-36.38272
-52.6898,38.2137
-45.68331,52.73125
-32.33498,-26.63166
-36.18306,-109.68967
,
-17.41244,-38.58648
-72.57378,-87.13827
-47.60588,-142.09984
-57.07155,-35.06447
-163.85129,-2.8386
-24.48164,45.61303
-47.77905,32.88036
-128.61084,-88.20024
-63.42073,-87.31672
-100.76269,-12.57504
-20.77872,-18.81483
-8.30616,8.37442
-30.05028,-26.62049
-80.81494,-34.47155
,
-10.66377,12.18904
-20.77003,82.72607
-92.5532,124.08676
4.36704,-20.09478
-39.32763,43.03759
-46.66491,28.45458
-1.43624,105.63577
-14.88284,91.26779
-24.89023,-17.22028
,
-45.19709,-2.6693
-97.77788,72.00459
-46.52371,53.95164
-46.85555,-0.58615
-72.9531,-106.60916
-82.02246,71.84125
-39.13065,-31.44738
-100.77693,-40.22154
-60.13892,54.60436
,
-120.66954,78.87646
-107.59873,82.89317
-45.49573,67.76479
-98.8366,-1.46391
-33.18467,-47.41784
-195.52996,-93.081
-128.87683,150.8149
-106.23987,-15.92183
-173.4632,1.94188
,
-8.64908,41.71227
-25.16533,-4.57417
88.82404,16.06132
48.00377,-23.85842
-73.79153,74.42421
-178.36218,0.31706
,
0.62712,-5.93385
-13.23347,-20.48492
44.59344,138.11602
2.56941,77.49563
-9.70408,106.24457
-22.16336,-20.29225
-40.822,46.76739
-84.42441,53.80229
-42.74974,-23.53122
-61.30777,-6.56509
-19.65447,-39.26711
-22.11697,-21.72328
-27.58068,-29.51031
-19.65243,-47.73647
,
-52.11678,-46.71351
-1.42426,-18.74641
0.49272,-50.93376
-45.68971,5.72296
13.90427,4.41252
46.57071,90.92046
34.14088,-25.53176
18.39749,11.95845
35.99753,16.35145
,
-52.11678,-46.71351
-1.42426,-18.74641
0.49272,-50.93376
-45.68971,5.72296
13.90427,4.41252
46.57071,90.92046
34.14088,-25.53176
18.39749,11.95845
35.99753,16.35145
,
-64.7862,81.76192
-20.83156,-5.32975
-76.89573,17.93952
-9.03657,-3.36809
-64.74079,40.26881
-48.3222,23.12152
-88.97447,-11.91336
-58.05257,-6.31281
-67.00448,11.80329
-17.04877,-18.98041
13.08952,34.07101
65.73489,57.41249
85.9024,49.6458
,
-27.94032,-6.99275
51.75344,0.46147
-38.42656,42.93178
-7.62318,40.54822
-29.37341,30.96139
-42.00069,-45.12772
-47.63137,-21.4673
-55.36865,27.51213
-31.21794,85.91789
-23.51686,-3.97729
-21.69271,25.75977
-47.28766,-21.93833
-19.78589,6.38804
-38.17291,4.49917
-30.62665,13.35998
-10.59255,0.65546
-3.85761,-34.00317
-25.77209,-23.43503
,
2.76382,35.07097
-50.45015,63.54084
-21.33921,58.18144
-44.28073,53.22395
-30.9084,36.06176
-37.41066,1.67978
-29.19798,8.52171
-25.76977,40.51198
-8.43824,27.32152
-52.49816,66.14385
24.6369,137.65073
-5.7184,29.64584
-3.56543,32.42698
7.78731,46.95265
-16.40446,115.04882
-15.68416,51.01343
-27.81609,50.82277
-3.19564,26.62497
-31.80069,49.35889
,
-20.65991,32.05447
-70.98407,92.52512
-73.7838,68.95477
-18.08977,67.66465
61.9457,24.05485
32.14803,27.53319
-10.45682,69.5403
-6.31471,20.01805
-5.04081,25.34226
11.77501,-8.58426
-2.87766,15.30778
-9.65251,-19.71895
-19.38528,-24.50678
31.77318,10.21183
-23.68144,2.82366
-47.23452,7.4618
-49.34281,25.07302
-12.50274,4.61161
17.0047,44.35845
,
-3.6863,19.5582
-36.87836,27.07735
-50.58354,29.07184
-50.12739,2.93065
2.27618,59.59692
-24.82467,43.26094
4.17353,20.6865
-1.73312,28.28661
-88.90038,77.62593
-63.67003,6.59355
-78.67082,34.54129
-57.26764,-0.34759
-58.55307,12.79005
-26.13582,45.55241
-53.57393,17.63342
-35.41886,-2.85374
-75.27641,0.96931
-38.97817,24.16517
-62.19945,92.50244
-91.69803,-13.47612
,
-13.81223,44.14205
-29.38798,47.36168
-17.79276,25.73945
-93.24078,-49.7378
-12.9924,8.07575
-57.35333,17.16848
-43.76631,-8.98726
-27.40765,-27.30349
-26.85841,-13.42155
-34.58756,31.21163
-56.15728,-7.2227
-25.978,7.92031
,
-56.66081,-19.71255
-69.08295,-6.2092
-68.15512,-5.29864
-78.11984,-2.93131
-8.22425,50.68226
79.19363,-39.15123
-56.71568,2.24188
-31.97099,6.32843
-24.37869,29.93535
-43.13677,-49.09878
,
-61.53058,-22.75646
-88.03312,21.12834
-72.9724,-5.65047
-79.90034,6.72424
-65.29308,24.32532
-70.96605,2.94689
-70.40024,51.02151
-66.46944,-3.62278
-73.70252,55.02339
-92.02857,35.30319
,
-33.89572,-2.84629
-23.29474,15.0372
-46.76687,-7.61008
-50.6177,-20.31327
-75.25842,-59.07775
-108.1836,-100.74527
-27.04803,-20.28988
-56.1007,-51.00051
-118.8104,-11.35025
-125.15113,-54.59473
,
-72.53045,-61.09968
-66.30887,-82.07853
-77.8939,-102.80308
-47.0661,-147.75657
-47.18839,-95.91677
-66.19678,-91.57155
-53.27791,-64.35385
-83.44297,-79.72001
-71.17187,-83.82245
,
-73.7312,-76.00901
-101.28412,-83.14251
-74.79046,-31.26443
-25.50758,-77.50638
-66.72233,-86.13797
-91.46401,-58.63179
-95.25355,-75.81229
-86.18043,-67.70559
-91.85886,-36.9679
-53.80414,-56.09715
-37.04458,-32.89183
-40.90931,-32.01784
-57.77152,3.3397
,
-67.25943,-32.71137
-55.37878,-18.7346
-45.87153,-18.84566
-73.36922,-64.11074
-72.72652,-55.91397
-86.13507,-50.13636
-37.20946,-68.97608
-56.64692,-33.28973
-46.61108,-36.77282
-39.92831,-31.23833
-62.76856,-59.58128
-77.9779,-77.57922
-70.7459,-58.16278
-57.72881,-56.3921
-84.69895,-56.49777
-72.28429,-38.94682
-75.37152,-60.11564
-49.70848,-45.12603
-64.95575,-52.68518
-59.67217,-61.75897
-47.13152,-67.27822
-63.50138,-17.14611
-63.41677,43.40042
-48.35711,65.15304
-60.0667,-26.74106
-55.70959,-42.37166
-72.61241,-44.34518
8.91871,-17.90797
-49.1826,-37.20559
-61.66329,-60.04858
20.13939,-13.96636
-89.69234,-31.58681
-7.43114,-6.76111
-42.8063,-9.28458
-56.76135,-58.21255
-28.86302,-73.37346
-39.59545,-16.07062
-34.63527,-20.77345
-53.23763,-40.37682
-65.17822,-55.52252
-35.68433,-18.37564
-58.73047,-44.89442
-65.46879,-25.65137
-72.16209,27.33806
32.41725,12.76236
-68.37419,-22.25157
,
-70.38427,-30.08736
-2.40261,57.77511
-43.42832,-59.28971
-75.83341,-54.27469
-32.04547,-7.97138
-39.29814,-15.11062
-7.21954,41.24613
-49.65027,7.39745
-115.51251,-41.2986
-61.32165,-22.51908
-75.44397,-82.8848
-52.25865,-60.65911
-66.17208,-61.72512
-72.73938,-61.33706
-55.96183,-98.17879
3.25492,-92.16409
-110.76496,-75.0084
-95.2322,-90.9126
-113.45129,-54.65567
,
-66.35226,-19.5236
-66.13928,-6.69377
-54.23929,-28.87913
-21.71605,-9.7329
-53.81264,-6.04259
-44.46318,-27.58389
-22.01542,27.30762
25.29082,84.50045
63.00583,167.0282
22.35393,86.285
24.13133,133.63023
41.3589,125.58654
,
-77.12934,-41.67546
-84.13617,-40.01586
-74.77455,-23.77979
-5.79256,28.70006
-55.77126,7.81396
-46.11467,-9.40581
-50.24829,19.59304
-33.77859,40.31523
-69.99016,39.66538
-42.55944,-19.486
1.474,22.26213
-34.05287,31.9627
-109.65122,-66.46793
-72.02186,-25.48646
-65.4346,-5.79743
-19.80722,-8.04282
-72.87793,-0.80474
-57.33029,9.77595
-40.51794,78.55854
-11.8276,113.54804
-32.73192,62.56392
-13.92533,43.10416
-1.6383,16.95519
-19.98667,-27.72677
-38.17323,-8.85486
7.26012,-14.38389
6.68176,-24.99641
-32.9943,-9.95877
-59.27771,-8.18338
,
-89.53793,-25.57215
22.68587,-27.20288
40.47856,15.65118
-61.33217,6.47368
-79.85498,24.29348
-79.76864,33.48546
-85.97941,97.88792
-65.87214,46.06709
-48.20907,-5.37176
-28.06159,55.37796
7.17305,38.30958
17.8262,45.53111
-18.24113,63.71154
-9.9573,10.37536
-25.65908,95.72753
-18.19403,29.92622
-43.86626,67.8143
-36.54892,85.89181
-50.07493,35.15389
,
-38.61606,-31.6064
-3.76821,1.94362
38.73404,-14.68846
-34.73574,-26.00315
-40.21947,14.64504
-66.43581,12.04926
-30.97976,-26.54887
-43.53668,25.34985
-3.67377,-1.90062
-81.64846,-52.83669
-61.15197,35.45528
-85.82741,2.60737
-17.43407,-36.41895
,
18.71935,36.88911
-14.16095,1.82975
-9.53287,19.49388
-67.28969,-11.17122
-4.26383,40.7695
-29.1439,3.36997
-33.17157,13.07231
-53.43007,-0.82358
-56.8997,-42.06392
-14.39038,12.01078
-58.50424,-5.2446
-27.17984,5.7967
-65.93835,11.5002
-106.26999,-5.86903
-58.70077,20.11369
-66.20981,30.27171
-71.42213,6.41854
-42.21677,26.74607
,
-128.68851,-91.00326
-28.37504,-54.59298
-37.93878,8.39123
-41.63271,-40.46711
-52.19477,9.49381
-29.22372,24.19713
-45.62847,2.65275
-104.85637,-15.8993
-126.01196,9.93002
-85.74223,1.94599
-80.59475,-1.53317
,
-51.78572,-12.2803
-36.98883,20.99199
-84.56065,-1.23744
-63.51302,25.92653
-81.6503,18.40367
-71.93314,-17.96313
-64.63538,47.92406
-70.39399,19.14259
-36.16071,-46.50677
-65.30507,-27.12332
,
-89.07663,-36.01623
-183.63943,-88.40745
-180.43589,-36.57974
-55.45418,-4.50171
-21.32749,-12.28573
-77.65845,-117.9722
-66.88225,-54.51978
-80.89876,-27.64394
-86.56921,-30.64029
-104.30575,-39.55726
-76.04035,-27.43109
-68.26135,-21.91277
-71.89143,-32.286
,
-98.07805,-2.94859
-63.26097,-14.64641
-81.40011,-39.18364
-70.89272,-10.32537
-81.0327,-15.08
-16.94858,-11.97438
-74.06794,-13.82949
-102.62125,-62.44388
-99.20093,-38.82322
-84.61028,-31.67697
,
-71.39563,-4.79713
-49.88108,-13.81517
-12.63537,35.26718
-23.33678,46.07138
-67.79538,20.0503
-50.53198,-4.44611
-70.96651,-14.5675
1.01134,26.00582
-27.34149,2.76427
-70.13553,-2.12489
-57.467,-2.11334
-45.34143,10.97383
-52.53717,15.70984
-49.13053,-41.62253
-33.36134,28.03104
-24.23829,30.01062
-54.91611,24.01157
-41.22024,25.95995
-29.22738,28.81075
-55.04499,8.48403
-76.38863,17.35163
