-10.9,-39.3
-15.8,-22.5
-11,-34.7
-26.1,-26.4
,
-25.1,43.8
-19.9,46.7
-17.7,12.9
-20.9,36.5
-13.9,44.7
-19.2,16.2
,
-7,21.3
-3.7,25.5
-9.9,29.4
-1.6,35.5
0,38.6
-1.5,16.1
-7.6,43.4
,
-0.3,-50.4
13.6,-54.8
9.9,-63.6
-5.2,-64.2
11.8,-60.7
17.9,-57.2
3.8,-83.2
10.5,-88.8
14.9,-43.5
6.2,-38.8
,
2.8,34.7
-6.8,11
-13.2,32.4
-16.1,6.5
-29.1,16.7
-27.6,6.4
-13.3,11.7
,
0.5,29.7
-15.1,16.9
0.1,16.7
-10.7,15.2
-16,17.3
-24,-0.9
-14.3,26.2
-14.5,13.7
-0.5,18.8
12.8,42.9
-10,4.9
8.6,4.3
0.7,33.2
,
-8.1,31.5
-18.9,38
-13.3,30.9
-16.3,39.3
-10.2,39.1
0.8,19.7
2.2,22.9
-19.6,34.1
9.6,28.4
9.8,24.1
-5.6,32.1
13.6,21
12.4,34.8
,
-4.84149,17.32552
-20.49256,55.40089
-24.45221,43.49916
-10.20953,42.46183
-13.07447,21.26862
-25.29009,38.42492
-19.84951,38.43308
,
-5.42254,-2.11445
12.07774,-13.34433
6.57193,-9.08099
-5.97027,0.333
0.35096,16.1055
-2.86118,-13.77847
-2.56029,-23.21084
10.79508,-25.77875
0.37289,11.29723
,
-28.52917,2.00163
-8.75285,-26.73767
0.41204,-34.37015
-31.37294,-28.39645
-15.87488,-3.71406
-5.84149,-26.67448
-21.49256,11.40089
-25.45221,-0.50084
-11.20953,-1.53817
-14.07447,-22.73138
-26.29009,-5.57508
-20.84951,-5.56692
-6.53344,-16.31633
-12.23354,-44.24837
,
-2.91186,20.40055
-2.94474,27.61296
-12.21785,14.27694
-12.16207,21.20275
-19.43026,14.24406
,
-15.1,-17.7
-15.4,-9.4
10.4,-28.7
-22.6,21.4
-10.3,-30.2
-29.5,9.5
,
-9.1,-50.8
-3.3,-45.1
-0.9,-19.9
-13,-8.7
-20.5,-50.4
,
26.1,33
-1.1,58.1
10.6,16
13,47.3
10.6,34.5
8.9,14
,
18.90026,13.58795
-25.22687,19.26828
-13.89131,13.24014
-27.0508,25.6083
-0.62365,13.55408
,
10.04202,2.68864
2.43091,-2.64987
10.05629,-37.12618
6.83085,-20.36894
19.24548,-27.35272
-13.42061,-20.46161
,
-17.03697,-15.09359
-9.6792,-8.26368
-14.42939,4.78062
7.34089,-2.95244
-17.59801,-12.92992
,
-4.03528,-8.44196
-2.30687,7.43388
16.98182,7.35232
2.73732,-2.83264
5.70094,12.26509
,
-17.128,-7.696
-23.536,-27.736
18.824,3.512
-5.944,-16.6
,
-16.288,5.48
18.704,-4.144
-19.576,17.6
-9.544,17.648
9.248,16.856
18.416,9.536
,
-0.808,-7.408
-10.48,-7.576
-0.856,-17.704
-18.928,24.752
-12.568,13.784
-19.816,7.376
,
12.416,7.952
15.152,-9.712
3.968,19.592
15.896,-13.576
-5.824,15.152
-5.464,21.656
,
18.288,-8.776
1.824,22.736
-15.336,20.528
-10.488,8.216
-0.6,27.224
,
9.504,-0.88
-15.936,10.712
7.8,-20.296
19.896,6.872
2.544,16.904
,
17.304,-13.576
-11.736,-20.536
21.48,-29.104
-13.608,-39.568
-10.224,-16.984
,
-1.1,-12.6
-1.4,-30.7
-3.3,1.3
5.2,-12.3
8.6,-6.4
-0.4,0.6
5.6,-13.8
-6.4,-2.2
-11.9,10.4
4.5,-22.1
2.7,-7
-1.6,14.5
-6,-4.7
-2.3,4.3
-3.8,0.1
,
4.6,23.9
-8,-3.5
-15.3,7
-6.2,7.2
-5.8,19.6
-4.4,-9.6
-11.4,-6.5
-4.8,13.7
-14.4,11.8
-16,-10.2
-9.9,20.2
-2.1,11.9
-2.5,-13
8.9,1
-5,-7.3
3,-28.7
-11.3,21.8
,
1.5,-2.8
-2,20.2
-13,-1.7
-10.7,1.2
-4,2.7
-4.1,-18.8
-5,-24.9
-16.4,-10
-20.1,-6.4
-18.1,-20.2
-20.3,-11.8
-2.9,-18.1
-2.3,15.9
-13.2,11.2
,
0.4,-1.3
0.3,-13.9
-7.7,-21.4
-4.5,16.4
-3.2,11.3
4,13.3
13.7,15.7
7.6,5.3
7.7,20.4
3.3,14.3
-4.9,12
11.7,-5.4
12,-4.3
9.5,-29.3
12.4,-20
5.8,-4
,
14.1,-15
10.9,-38
7.5,-17.4
11.7,-5.1
13.5,-20
6.4,-26.3
12.1,-31
,
-28.4,-25.6
-17.5,-8.8
-7.7,-5.6
-6.2,-27.6
-6.9,-23.3
1,-34.2
5,-23.9
7.6,-38.3
-13,-44.3
-8.5,-25.5
-14.8,-30.1
,
6.1,-21.1
-7.9,5.5
6.9,-5.4
-3.3,5.4
7.6,-2.9
-24.2,-17.6
,
5.5,-11.6
-7.3,-1.3
8.6,1.2
-22.9,-13.6
-3,1.2
11.8,10.6
2.6,-25.9
3,9.9
-1.6,-2.1
,
-12.7,-41.1
-21.6,-33.7
-20.5,-35.8
-37.8,-33.1
,
13.4,-19.6
10.2,9.3
9.3,-37.8
18,-3.6
4.8,-17
-3.2,-11.7
-2.1,-22
-2.5,12.2
10.1,-19.6
-9.4,-10.4
4,-3.6
,
-3.3,-7.6
-17.6,-7.8
10.2,-16.5
-13.1,-0.4
-2,15.4
-6,-3.3
0.7,-15.3
4,-16.5
-5.7,26.9
-8.2,-15.7
-6.1,-13.6
-2.4,8.3
-3.2,-5.4
-5.7,3.5
-7.3,-1.3
,
6.1,-21.1
7.6,-2.9
6.9,-5.4
-7.9,5.5
4.9,-35.7
2.9,1.6
2.6,-25.9
8.6,1.2
11.8,10.6
14.7,4.8
15.6,-6.2
6.8,-7.5
-7.9,-11.4
1.3,11.5
-7.6,2.3
5.9,-20.3
,
6.2,24.6
-8.5,15
5.5,-11.6
-3.3,5.4
20.4,-17.9
-1.5,6.3
2.9,-3.1
-1.6,-2.1
10.7,-16.5
-8.6,9.6
-7.7,-9.7
1.6,3.7
22,-4.2
3,9.9
9.6,13.2
-5.1,1.6
0.2,-2.5
-7.8,-4.4
6.8,24.7
,
2.8,5
-16.6,0.4
-14.9,-15.2
-3.1,-0.1
-15.7,12
-10.8,3.9
-9.3,-4.8
-4.5,20.4
-2.6,-1.4
-1.4,5
,
-8.9,14.9
-3,1.2
6.4,19
2.4,7.8
-1.9,-2.3
-5.1,-4.8
6.8,-19.1
-13.1,-1.7
-6.5,-19.2
13.7,13.6
-13.1,-6.1
,
13.2,17.2
2.8,-6.5
-10.4,-18.2
5.4,3.5
-15.1,-7.2
-13.6,-0.1
0.8,-6.1
-11.9,23.2
-23.8,-15.6
-24.4,3.5
-16.7,6.9
-2.7,8.9
-9.5,-3.1
-7.7,-2.3
-13.1,16
,
7.3,9
1.5,-5.1
-12.7,21.1
11.4,-11.6
-1,-6.7
-2.8,2.6
-20.2,10.2
-4.9,38.5
-21.7,16.2
-8.5,8
-6.5,12.2
15.3,-12.6
5.7,-1.1
3.8,3.6
-12.3,-5.6
4.3,-10.8
3.1,7.2
,
-22,5.9
0,-0.3
11.2,4.6
-2.9,-1.3
19.2,-12
-14.1,18.5
-7.1,8.2
2.7,-26.3
1.2,-19.1
-14,5.4
-7.6,-14.4
-12.8,8.7
,
1.8,-8
-1.1,6.6
0.2,3.5
15.5,-10.2
7.6,-6
2.1,-5
13.1,-9.4
4.4,-2.2
2.7,8.9
7.6,2.1
-4.2,1.6
-13,19.5
2.8,-3.8
-6.3,-13.3
,
0.9,11
-5.7,2.6
0.6,4.4
-16.7,-1.8
-16.4,21
-17.4,-17
6.1,-3.7
,
2.9,-18.6
-6.6,-16.9
11.8,5.1
-11.8,4.6
-8.7,6.6
-8.6,-1.1
-14.5,7.1
4.9,2.3
11.2,-16
,
9.7,-31.3
8.5,-33.2
9.3,-38.1
-5.1,-20.1
-13.4,-19.8
-3.3,-11.7
-1.9,-15.1
,
9.5,-16.3
-17,-16.5
-16.5,-45
14.1,-22.2
8,-24.2
13.3,-48.7
-16.6,-19.8
-3.8,-32.9
13,-18.6
,
-16.5,-17.2
1,-23
-18.6,25.6
-11.8,-15.4
-14.1,-28.1
-18.9,-3.7
-5.3,13.6
,
14.1,-22.2
8,-24.2
-16.6,-19.8
-3.8,-32.9
13,-18.6
-18.1,-8.7
