46.99898,-96.27679
89.0429,-75.90536
64.62311,-75.97755
37.96634,-39.43205
33.69612,-85.15443
64.9634,-94.64788
67.72413,-71.47795
,
48.96216,-122.01721
50.85177,-114.03495
30.78795,-74.96129
66.15417,-97.13166
34.68924,-85.88699
49.7628,-78.8928
46.42651,-91.34451
51.2534,-108.52435
29.98658,-125.66796
55.70252,-103.23976
38.74966,-93.90948
74.95199,-100.17383
,
59.60567,-79.49713
52.95271,-44.63431
67.09078,-39.66789
65.29194,-32.70581
41.13029,-59.77786
14.17572,-96.35241
60.4617,-93.4347
60.99715,-39.90569
,
76.18171,-140.89956
77.85432,-128.50011
67.66106,-63.73844
62.41984,-122.91256
73.77138,-101.0557
64.57689,-106.47065
72.28175,-68.40196
54.36353,-120.70502
,
34.40987,-13.05668
55.38609,-31.85297
82.3151,-40.94536
76.64625,-22.36727
62.1544,-2.0392
15.51424,4.31275
,
50.68446,-157.14051
64.67517,-136.86849
17.4354,-132.92084
10.27056,-143.51935
,
88.16554,-15.73382
74.93043,-77.72972
83.79244,-64.90433
36.45492,-89.29131
32.54297,-65.87985
,
111.50592,-44.96226
47.3129,-54.79663
80.95332,-30.82015
98.92116,-36.33228
49.10043,-53.65024
51.11227,-51.97331
,
51.74581,7.27281
62.93312,1.50061
96.85959,59.12591
105.75334,3.61667
77.72474,31.98705
99.08485,57.11675
88.05018,36.19425
93.87748,44.49201
103.14846,18.16336
89.56579,22.7074
100.67166,44.53785
98.96792,30.77054
,
29.91451,29.11288
37.36227,26.32882
53.2638,40.58157
21.06657,10.83565
10.59258,2.20947
11.14765,5.98755
52.03726,50.3764
,
102.55035,-32.86375
39.33898,-20.46971
101.31536,-9.09884
98.84329,-16.54822
56.60784,-57.03277
78.56569,-39.42568
20.32858,-80.77951
71.82476,-52.28797
68.95959,-54.75062
60.26969,-40.9144
,
39.64453,-124.29355
29.61515,-111.71498
43.6799,-98.84838
25.64858,-87.44661
55.85988,-50.50317
55.61192,-33.95642
25.76793,-35.82622
33.36473,-43.31143
28.71762,-38.40224
63.55411,-28.29864
78.76446,-35.09426
68.52711,-30.89627
,
61.29675,-23.59204
42.22941,-23.94688
31.45679,21.38677
22.75296,-19.90753
38.89352,-20.37377
9.68755,7.73874
33.94636,-12.10665
28.72704,-28.08769
3.06951,-21.22656
,
12.77321,37.15604
95.23584,13.28741
87.15817,15.99906
64.92585,11.97943
72.36669,13.18499
,
85.05812,91.23322
58.96885,30.45075
66.35322,22.58633
85.85829,12.69814
72.92852,45.47239
79.49919,62.8624
81.35763,16.65948
38.45953,41.41496
34.01059,14.19038
12.95555,7.22365
68.22795,25.23322
,
18.52137,-3.56606
3.07632,-3.55023
23.84723,11.24947
33.93779,30.61687
31.56666,20.57124
22.92017,23.60155
30.53244,-5.72589
,
7.30341,5.89311
27.40897,12.4014
26.56263,-3.34394
28.32528,30.59257
39.90586,26.24357
57.85354,19.69769
57.87109,24.48474
70.1332,21.25467
73.44812,27.12302
76.31791,49.25668
25.83565,32.5311
17.63501,26.87835
30.43931,-14.38952
,
113.19102,-34.86268
71.39761,16.60309
115.89509,-5.91022
118.28025,-54.13376
56.78561,-32.56392
94.62814,-57.81369
,
81.70102,43.04337
90.26493,51.0961
64.97965,16.00457
125.20524,0.67773
97.76383,15.9538
131.23731,48.28695
88.41784,32.4907
61.59571,39.06251
,
37.888,11.272
50.968,-15.584
67.336,3.76
53.176,1
65.056,-1.112
70.168,6.208
69.304,4.744
46.792,-4.52
47.248,0.424
47.992,6.016
58.96,0.04
69.712,1.216
59.632,4.024
40.432,-10.568
47.296,1.408
53.896,5.152
60.352,2.8
53.872,-14.792
46.648,-19.472
50.056,3.112
70.144,-8.528
50.104,-21.992
47.128,-13.016
55.456,-17.648
50.584,-8.96
33.64,-26
41.776,-34.592
37.024,-20.84
34.456,-5.6
27.52,-33.776
48.256,-15.848
43.984,-28.04
36.448,-38.888
33.952,-14.336
15.448,-34.496
25.216,-24.8
34.408,-38.48
10.672,-35
27.616,-20.288
17.32,-92.864
18.664,-19.496
0.52,-41.864
24.616,-21.776
22.24,-20.456
34.648,-27.824
12.976,-22.304
50.944,-12.752
30.424,-0.392
7.048,-21.44
22.84,-40.208
24.352,-22.688
32.2,-27.128
38.632,-27.08
16.696,-28.88
,
34.872,-33.296
31.752,-23.984
35.136,-51.752
15.456,-47.048
50.376,-28.88
36.288,-51.056
44.52,-31.76
55.872,-57.8
38.616,-60.224
54.96,9.688
49.248,-45.536
,
49.072,81.016
41.68,90.784
28.168,30.112
36.904,47.44
13.312,69.04
0.544,25.768
,
42.496,100.36
38.44,80.632
29.344,96.136
11.896,78.64
28.816,86.848
11.104,29.104
10.6,70.888
36.352,36.736
21.616,113.704
38.584,105.4
28.936,41.104
18.472,81.112
43.192,68.2
24.424,87.928
27.472,64.36
50.776,117.376
48.88,85.072
,
15.928,42.016
43.216,51.496
38.608,84.496
50.704,113.176
41.032,68.608
12.712,17.656
41.752,96.472
29.44,21.904
31.84,81.256
20.848,90.208
,
46.84,80.824
54.04,103.72
21.088,112.912
50.704,114.376
16.672,128.608
32.272,103.984
3.616,104.2
34.312,93.16
7.216,98.536
,
41.424,113.704
11.904,56.056
50.136,74.824
22.08,31.72
30.576,61.624
,
25.816,94.576
51.904,124
45.664,99.52
58.816,87.736
3.328,97.408
23.896,38.296
34.216,43.672
47.392,40.768
36.664,86.2
,
60.808,-75.872
52.984,-32.024
98.632,-29.552
69.088,-61.088
47.032,-71.48
58.816,-70.568
28.336,-67.976
60.376,-82.736
82.312,-47.36
,
8.27895,-62.03564
47.68114,-12.02678
38.80396,-58.9579
52.93894,-68.16525
23.7351,-92.3778
44.28786,5.92084
65.51201,-39.70812
38.08216,-22.17611
7.34102,-27.20774
,
7.89727,-1.34146
-0.25438,-26.84532
18.81615,-11.83744
38.32076,-24.33968
30.03128,-22.22438
26.50803,-10.40065
24.24496,-23.39733
,
42.05633,8.81536
30.2414,-25.19383
29.78961,-8.95183
-1.61188,6.42824
19.3563,-71.0382
34.36978,17.98302
34.72379,-14.93074
30.09446,-12.14695
50.23167,10.76644
43.51643,-15.05845
30.88812,-7.84757
44.04447,-26.24044
16.64619,24.35694
,
67.53248,8.96561
28.48102,63.65996
33.76549,62.65682
15.7368,37.20836
45.39969,17.49382
68.55558,25.63654
59.31971,24.71395
53.71159,35.61554
35.82135,47.23979
28.88214,50.34375
13.34008,48.12359
46.06246,40.28356
49.1575,46.11464
,
51.37847,19.44377
27.09068,54.18594
50.39252,37.9803
66.55212,37.87928
54.59026,34.48051
15.19031,36.86346
36.53486,31.53313
74.70491,-6.09966
57.38823,-14.52122
46.56892,33.20507
50.79684,-4.5016
38.21699,29.99347
,
69.01635,19.59905
17.94712,15.28226
57.76455,34.53292
32.05375,47.48117
23.48303,28.97793
36.6123,-7.13085
32.42,18.60363
28.11401,53.07054
25.14301,35.14388
16.43928,1.80261
50.8797,10.82335
,
51.62259,29.61834
24.26449,46.75485
24.62786,-21.33909
22.61766,-29.29655
43.6946,6.11366
18.07515,-5.35358
69.55206,27.12552
0.60158,7.27884
12.21072,29.35979
-5.71411,-11.20513
45.69174,23.94004
,
29.74902,-22.87006
32.70179,-22.18276
27.46266,-11.41825
58.82984,-40.37806
18.88286,-19.17206
,
60.01488,-15.21603
23.03393,-11.55723
53.81648,-21.3288
43.77094,-7.12716
39.99495,-27.16187
25.07481,-47.55385
41.30057,-2.38961
17.6667,-18.89509
40.06791,-56.95916
17.33851,-3.62193
23.03741,-32.68379
12.59619,-27.59824
16.17993,-24.07795
39.14703,-21.82195
25.51287,-17.29701
29.79892,-27.90415
9.75811,-2.42461
,
39.13416,-33.23133
46.68827,-38.07947
24.25755,-76.74724
37.33664,-48.86059
-4.30949,-17.12651
38.08478,-8.8861
20.2772,-18.2383
46.27415,-11.40236
77.66395,-38.97346
30.84712,1.43605
34.22389,-37.01124
20.66914,-27.78905
45.92814,-7.76621
,
36.79338,-20.79147
51.45298,-39.5951
70.94329,-25.12503
42.42032,-30.12967
34.06692,-10.02848
28.18439,-39.65826
47.10222,-21.14478
8.80903,11.526
41.34526,-47.44473
55.57305,-8.97807
44.19386,-30.25935
51.63003,-57.6282
28.02147,-47.49649
46.87789,-20.98808
39.00675,-15.35873
27.01887,-49.61541
,
113.19102,-34.86268
71.39761,16.60309
115.89509,-5.91022
118.28025,-54.13376
56.78561,-32.56392
94.62814,-57.81369
,
-4.18845,-79.61126
-3.36184,-54.99683
1.53669,-100.65617
-3.33858,-91.24398
35.72725,-105.94623
2.65555,-101.17683
17.28075,-35.67269
26.69743,-114.009
-0.82182,-53.82204
,
5.74506,20.61307
5.76307,5.84307
12.9752,-9.91997
54.52147,0.66098
49.07853,14.40019
41.41129,39.75688
53.53438,26.47566
61.38678,25.22673
39.94248,-3.73015
39.73589,0.0829
,
32.07151,-11.86466
3.05651,17.99085
31.72915,30.1774
44.6257,33.75863
28.62987,-35.7286
,
53.69794,-28.63955
45.16058,-22.91738
26.54381,-27.05324
6.6531,-26.96378
22.56455,-24.21409
-11.64433,-2.46428
16.07358,-17.09461
14.13325,-33.79401
-12.37594,-32.16701
,
44.56277,-20.68197
14.88911,24.40401
34.77686,-13.62923
11.03016,27.59832
53.43829,13.07564
32.44772,4.71925
65.83538,92.35299
,
24.39884,9.59952
21.68285,27.61011
33.8966,25.64851
51.85316,27.49388
64.51256,26.7643
,
64.288,-133.304
57.064,-124.448
92.968,-135.56
88.744,-112.688
67.024,-128.96
,
67.96,68.512
61.6,29.656
35.584,18.04
67.504,65.416
54.88,30.664
78.448,95.296
66.256,4.552
59.416,52.504
74.968,51.448
57.784,41.392
,
44.704,109.36
34.792,71.512
44.032,106.816
45.16,90.112
26.536,94.552
52.96,104.2
86.992,98.728
54.832,106.192
31.048,107.992
,
71.536,48.736
18.088,58.072
37.24,73.744
52.456,60.376
33.136,56.992
2.464,57.856
