599.8296121,148.9736
-103.0295879,146.5016
-240.2303879,146.204
-80.24878788,145.2488
209.6520121,144.2744
348.3840121,144.1616
360.0744121,143.4128
-351.1127879,143.2304
97.03201212,142.3808
-413.1479879,141.9416
24.79681212,141.6488
54.07201212,140.7584
-137.5343879,140.636
336.7536121,138.9248
102.5832121,137.756
8.277612121,137.5256
-244.8911879,137.2088
-55.26238788,136.628
10.22641212,135.848
-202.8095879,135.6824
-146.0591879,135.1064
-70.32238788,135.0968
276.5328121,134.3
71.61121212,134.2664
-106.5767879,134.0144
331.8288121,133.9808
-108.8591879,133.3016
-39.13198788,132.4784
25.22881212,131.8904
-86.55598788,131.7248
37.93201212,131.2712
-107.6615879,130.6304
-209.2247879,130.1192
-169.9847879,128.66
-44.29438788,128.4392
-289.2143879,127.8224
-55.07518788,127.5416
-48.92398788,127.0688
-40.48558788,126.5768
-87.07438788,126.5696
-69.26398788,126.1424
-136.4543879,125.6696
-242.9999879,125.3792
-200.1599879,125.3192
-270.7679879,125.0192
257.0232121,124.964
-122.7263879,124.244
556.5480121,123.8912
142.6152121,123.8456
-102.0887879,123.1256
35.88241212,123.0632
-191.8823879,122.5568
147.2472121,122.1752
-50.16238788,121.7816
-257.7335879,121.1888
-200.1407879,120.8072
-98.50318788,119.168
-47.16238788,119.144
278.2728121,118.844
-187.0967879,118.688
152.1360121,117.488
103.1928121,117.4184
-93.90238788,117.0608
246.8232121,116.7992
-62.26798788,116.2904
77.80561212,115.7792
-151.4783879,115.2176
-256.5287879,115.0064
-165.9719879,114.8216
-229.6343879,113.1536
-196.2911879,112.6976
213.6696121,112.6064
468.7752121,112.4984
-35.78878788,112.0616
57.19681212,111.8984
-185.1527879,111.7328
-48.20398788,110.9864
-188.8535879,110.7176
-103.6055879,110.5592
131.9064121,110.2376
-312.8831879,110.1656
475.0368121,110.1416
116.8128121,109.9472
-146.1119879,109.0904
-136.3055879,109.0808
563.6592121,108.7256
-124.0679879,108.5864
-158.8511879,107.9816
369.3600121,107.9288
61.07761212,107.6768
49.32961212,107.5088
-145.8551879,107.2232
52.62241212,107.1176
-69.86878788,107.0576
224.3976121,106.8032
-229.1783879,106.7672
-252.9167879,106.2584
466.4016121,105.944
-142.9151879,105.7184
15.67681212,105.5288
21.84001212,105.1592
-3.319187879,104.9744
-162.9719879,104.8928
-196.2263879,104.7728
-99.84238788,104.6648
-244.9223879,104.5784
-143.9303879,104.0336
365.5464121,103.9688
668.5608121,103.5224
-32.32558788,103.5008
-74.27278788,103.0832
-227.1335879,102.608
200.0160121,102.452
-88.80958788,102.1424
-0.890387879,102.0128
370.3944121,101.3912
-116.8943879,100.6064
-198.3839879,100.0352
392.4264121,100.004
-204.0743879,99.7208
-77.89198788,99.5912
-187.2311879,99.4496
-172.8575879,98.7608
44.60401212,98.576
645.2952121,97.4912
663.6048121,97.4432
143.7384121,97.3736
-70.67038788,96.8624
-220.4063879,96.7568
-161.6519879,96.6584
-59.31838788,96.3608
-224.5199879,95.9576
-105.8471879,95.8568
250.6104121,95.7752
24.54961212,95.4272
-225.7631879,95.2856
-25.65358788,95.0672
-123.4607879,94.9184
-172.6247879,94.9088
-238.6703879,94.784
-299.0519879,94.5296
9.976812121,94.4888
-229.2983879,94.2704
-90.56158788,93.7136
-157.1423879,93.6104
-178.5383879,93.26
-161.3447879,93.1016
656.6568121,93.056
-82.88878788,92.8352
507.1152121,92.66
-202.2959879,92.5928
15.86881212,92.264
-261.4847879,91.6904
148.8072121,91.6496
-158.5679879,91.5872
-241.6775879,91.5176
-231.1127879,90.7496
518.7864121,90.4952
44.39281212,90.0368
267.3048121,90.0008
-204.7103879,89.8256
336.3192121,89.7536
67.94641212,89.7296
34.54321212,89.6432
131.1960121,89.636
-80.31358788,89.5952
116.6352121,89.5928
-65.55598788,89.5088
-6.659987879,89.4704
-82.37038788,89.324
-57.20158788,88.9448
-250.4519879,88.7432
-148.1135879,88.1264
47.18641212,87.9464
496.7208121,87.884
-186.3455879,87.8816
152.6400121,87.5288
-150.0671879,87.4496
-213.1799879,87.416
-104.0351879,87.1472
-91.81438788,86.552
32.93281212,85.9928
-40.45918788,85.8512
-167.2703879,85.6616
-163.6703879,85.616
-200.9759879,85.2656
-133.3295879,85.136
-119.7335879,84.7592
-33.77518788,84.6656
748.0416121,84.6632
-171.2543879,84.3296
-33.54478788,83.9024
73.98721212,83.8544
-82.76398788,83.8136
80.33761212,83.3552
-199.5191879,83.2376
20.11921212,83.2352
-285.4871879,83.1584
-139.0679879,82.8968
472.2648121,82.6784
-10.48798788,82.0256
504.6024121,81.824
-164.4431879,81.6944
-95.17678788,81.4112
-147.7943879,81.2792
-356.8127879,80.9504
-49.19038788,80.7584
-36.13918788,80.6552
4.488012121,80.6384
-114.3551879,80.5712
-84.96718788,80.492
-152.6447879,80.492
-72.84478788,80.372
240.1680121,80.3192
-118.3967879,80.2376
-172.5719879,80.0192
28.19281212,79.7264
-122.2463879,79.4816
-52.36318788,79.4288
-248.1383879,78.6272
-108.0983879,78.2696
-340.9919879,78.1232
-244.7807879,78.068
-22.83358788,77.8496
67.25521212,77.8088
493.0536121,77.6552
-328.4735879,77.4896
-80.84878788,77.2664
-146.4191879,76.856
-11.07118788,76.8152
-106.4087879,76.5488
-263.2319879,76.0112
-18.37198788,75.5768
-206.5607879,75.5264
58.82641212,75.0824
-285.6311879,74.8856
268.2672121,74.8736
-170.4767879,74.6432
-146.7911879,74.5736
-129.0671879,74.4848
229.2048121,74.4368
591.9864121,74.4344
-131.6711879,74.3816
-139.1351879,74.3648
-65.60638788,74.3336
29.15521212,74.2904
-191.8607879,74.2256
-7.531187879,74.0792
231.0960121,73.9544
-203.3783879,73.8848
-152.7551879,73.8824
-90.43198788,73.8032
-109.7615879,73.7192
-114.6575879,73.676
-62.85598788,73.6496
130.6032121,73.5896
-43.11598788,73.424
-269.4455879,73.124
-229.8863879,73.0016
-179.0327879,72.7184
-170.5991879,72.6872
-202.8983879,72.5792
6.268812121,72.488
-178.7663879,71.9384
-224.1527879,71.9144
186.7464121,71.8928
82.01281212,71.5328
444.1992121,71.4152
-164.1647879,71.3288
416.0472121,71.204
-183.1223879,70.9352
132.4248121,70.8776
-124.7711879,70.6064
-231.3455879,70.5776
-183.8447879,70.4768
-120.5207879,70.3136
-139.6031879,70.0736
80.28961212,70.0184
-147.0263879,69.8384
192.0288121,69.2984
-66.60958788,69.2312
-64.06798788,69.0872
515.9328121,68.4992
-93.53758788,68.3576
422.0376121,68.3504
-68.26318788,68.1584
-73.22638788,68.1152
-72.90478788,67.6952
-82.61518788,67.5704
-288.3647879,67.22
-198.0071879,67.1408
346.6104121,66.7736
-232.5791879,66.7328
-184.1591879,66.644
-237.3311879,66.6296
74.17441212,66.5816
-293.0231879,66.572
-65.21518788,66.3632
-9.067187879,65.8712
329.7120121,65.4752
646.2240121,65.4224
-15.87598788,65.2784
-94.45678788,65.1992
-173.8583879,65.0288
-79.77598788,64.9448
-223.1015879,64.5728
-176.5871879,64.4432
-46.36078788,63.9536
113.2968121,63.7808
57.31201212,63.7616
-4.022387879,63.7328
274.2264121,63.584
-114.3959879,63.5144
13.96081212,63.4496
-234.0263879,63.1616
-5.935187879,63.0416
-112.4711879,62.7608
343.2384121,62.6888
-105.3263879,61.4696
-152.4983879,61.424
191.7096121,61.2632
-178.5383879,61.16
-94.46158788,61.1408
36.16081212,61.0448
-22.00558788,60.8528
-148.6919879,60.812
-180.1463879,60.7208
-65.09038788,60.3968
749.5824121,60.1208
163.0776121,59.732
173.4288121,59.588
24.42001212,59.552
-109.6607879,59.432
-127.8911879,59.1896
-94.70638788,58.8464
-67.49518788,58.4912
-70.67038788,58.2464
-64.53358788,58.2272
-140.3615879,58.2272
-202.6871879,58.064
16.73281212,57.9056
-125.9159879,57.6272
-75.09838788,57.6104
-157.7351879,57.536
-95.25118788,57.524
-33.62878788,57.2864
-118.8911879,57.1616
-134.4071879,57.116
-7.715987879,57.0992
-275.0135879,57.0728
4.394412121,57.0512
-248.8247879,57.0296
-41.20078788,56.9624
282.6984121,56.9504
-49.31758788,55.9784
-15.17758788,55.9064
-77.29918788,55.7528
-244.6127879,55.5008
-130.8623879,55.4552
-210.3383879,55.088
-223.0679879,54.956
-316.8959879,54.9416
-316.2335879,54.8192
-146.3255879,54.7952
-70.30078788,54.6824
-137.6975879,54.6824
504.0864121,54.6512
9.600012121,54.476
-116.0207879,54.3896
-115.6295879,54.2912
-69.56158788,54.176
-71.82718788,54.1088
194.8752121,54.1016
-338.9063879,54.044
399.4992121,54.044
-238.4351879,53.9216
-118.0079879,53.876
190.5792121,53.7296
-124.0175879,53.6192
-73.73278788,53.3168
-74.91118788,53.264
-200.7719879,53.18
148.4136121,53.1584
84.43681212,53.0264
-80.09038788,52.9256
-160.1183879,52.8896
-130.0583879,52.5944
189.2016121,52.5416
-15.42478788,52.4
-216.5279879,52.3712
-261.3239879,52.1072
454.5624121,52.0376
-106.6871879,51.632
-8.762387879,51.4424
121.7856121,51.2072
64.09201212,51.1664
-123.9431879,51.0968
183.3240121,51.0224
-206.1767879,50.8376
15.22081212,50.5472
-42.77278788,50.4536
-56.15278788,50.2808
-138.3887879,50.0456
-270.4271879,49.7768
67.77361212,49.7264
-64.67518788,49.4168
-224.6951879,49.3832
46.68961212,49.3712
-205.0439879,49.244
-154.7015879,48.8264
533.9400121,48.7424
-70.46878788,48.6488
109.0536121,48.632
-106.7951879,48.5792
-39.85198788,48.5624
-90.92638788,48.4712
-166.6223879,48.3824
-159.5039879,48.3272
-82.87678788,48.2144
22.22401212,48.0752
-57.01918788,47.9408
-242.9807879,47.8184
192.9144121,47.816
140.5248121,47.7176
-93.10078788,47.66
-18.14398788,47.48
-281.0111879,47.4416
-202.7015879,46.9664
29.23201212,46.8872
3.840012121,46.8344
-161.7767879,46.7648
93.48481212,46.4192
-95.41198788,46.2776
-79.69198788,46.0952
-144.3287879,46.0736
142.9608121,45.8504
-157.1207879,45.5264
-92.46478788,45.2912
-59.57518788,45.1976
194.6304121,45.188
-104.1455879,45.1664
-210.1271879,44.6816
-30.26878788,44.54
-50.65678788,44.48
-170.4911879,44.2712
130.8360121,44.1824
-90.73678788,43.9592
-175.7447879,43.8056
-2.656787879,43.7312
-127.2671879,43.7192
-96.20878788,43.58
-219.1439879,43.2656
-69.42718788,43.2224
-145.1375879,43.0328
-64.24798788,42.9968
-153.5279879,42.8936
-179.0231879,42.8816
-282.1439879,42.8312
94.57681212,42.8048
-69.07678788,42.8024
-118.8095879,42.7976
-94.69918788,42.7712
-118.4735879,42.6392
-248.5295879,42.5216
0.964812121,42.38
21.47281212,42.2312
-168.2903879,42.1568
317.8056121,42.0032
-5.731187879,41.6096
242.2728121,41.5784
-53.50078788,41.4176
-3.460787879,41.1656
-120.3623879,40.8728
-151.9799879,40.7264
-173.2175879,40.496
57.97681212,40.3664
-163.2047879,40.2584
-223.9463879,40.2488
-250.9751879,40.1744
97.90801212,40.0016
134.1336121,39.9584
-109.6151879,39.8024
169.5432121,39.7952
179.0760121,39.7832
293.1744121,39.644
-315.9383879,39.4832
-215.2583879,39.4256
-198.2207879,39.3944
132.4176121,39.2264
-268.9631879,39.188
76.39441212,39.1376
-136.9631879,39.0128
173.6688121,38.8088
55.39441212,38.78
-130.2815879,38.6912
-262.6463879,38.1872
458.1648121,38.1344
-330.5903879,38.1272
-165.3887879,37.9688
-98.61118788,37.8944
342.6552121,37.8272
-170.7095879,37.7888
130.6464121,37.676
12.48961212,37.628
-139.1447879,37.6184
-216.5279879,37.4936
115.5768121,37.3688
-279.4511879,37.2056
-194.1311879,36.9128
-162.2663879,36.6944
227.7720121,36.5336
-158.5487879,36.4112
-61.73518788,36.32
50.45041212,36.296
-55.51918788,36.2552
-93.79438788,36.2264
-239.6447879,36.152
-130.3439879,36.0032
-64.21438788,35.936
-251.7383879,35.6
-56.60638788,35.5928
-28.12558788,35.5544
46.13281212,35.4224
-14.22958788,35.3792
257.8416121,35.2256
45.57841212,35.0696
-139.0007879,35.0528
-196.6271879,35.036
-187.6295879,34.9784
19.50241212,34.8752
-177.3935879,34.7696
43.10881212,34.7192
-171.7463879,34.6976
24.96001212,34.6928
-116.5559879,34.5656
-221.3735879,34.088
36.81361212,33.9008
-194.4335879,33.7184
-106.6367879,33.524
323.2320121,33.5192
-101.2079879,33.4136
141.2136121,33.2048
-63.98398788,33.1736
-3.883187879,32.6576
-221.8079879,32.3696
-94.10398788,32.276
-123.3623879,32.1944
-38.04958788,32.0696
-277.0847879,32.0456
511.3968121,31.988
-184.9727879,31.8824
71.70481212,31.6856
113.8152121,31.6424
155.0376121,31.5368
420.2712121,31.3664
-94.17118788,31.292
-82.84318788,31.0688
-290.6951879,31.0376
-150.0431879,30.4808
21.75361212,30.3848
-240.5759879,30.3128
-119.9951879,30.2648
-23.26798788,29.9912
353.0928121,29.9408
19.53361212,29.6912
-71.07358788,29.6552
-141.5831879,29.6144
113.4384121,29.552
-194.8991879,29.516
-116.4695879,29.5088
413.0352121,29.4368
63.57361212,29.3936
-290.5199879,29.2928
-280.1015879,28.9592
-201.1607879,28.8056
-277.9175879,28.8008
-92.37118788,28.7864
58.93681212,28.688
-68.69518788,28.6784
-117.6719879,28.2464
-138.9287879,28.2176
30.35761212,28.1216
-64.97038788,28.0064
-123.4583879,28.004
-155.8847879,27.884
157.9608121,27.788
28.55521212,27.6416
-5.207987879,27.6248
-64.96558788,27.584
132.9720121,27.5
81.61441212,27.452
-109.9079879,27.3656
603.9144121,27.272
-105.8087879,27.1472
-159.8447879,27.08
-234.5231879,26.8928
-59.45278788,26.864
-56.64478788,26.7368
-2.035187879,26.4968
-244.9559879,26.0912
-113.6183879,26.0336
-157.3583879,26
-145.3655879,25.9544
-37.71358788,25.8344
22.01521212,25.7816
-353.2295879,25.7792
636.5808121,25.6184
-36.29038788,25.5176
-273.2423879,25.3688
200.9304121,25.2368
468.9672121,25.22
76.54081212,25.1048
288.3888121,25.1024
380.8944121,25.0016
392.6664121,24.9176
374.2176121,24.8648
-248.8391879,24.8312
-208.1951879,24.6608
-41.63278788,24.4856
112.1400121,24.4016
-166.9535879,24.2312
-167.5655879,24.1904
-166.3487879,24.1424
-19.81678788,23.792
142.0728121,23.78
-274.0079879,23.7128
77.73121212,23.6888
-105.9047879,23.36
111.5760121,23.312
-74.15758788,23.2352
73.65841212,23.156
26.13121212,23.1464
160.9056121,23.1032
-174.5855879,22.6112
-92.94958788,22.5464
-98.53918788,22.268
76.52881212,22.2248
69.22321212,22.2176
422.5872121,22.1696
136.5576121,22.0016
-127.4375879,21.9368
-182.8391879,21.7976
-252.8279879,21.6896
-108.4511879,21.5888
-153.3647879,21.4784
197.2896121,21.3464
-181.0439879,21.296
-6.343187879,21.2312
-140.5415879,21.0752
49.67761212,21.0536
-49.48078788,20.8304
-109.8191879,20.6264
-8.774387879,20.2448
-65.55598788,20.2184
-230.6711879,20.2088
-95.41438788,19.8872
-138.1703879,19.8776
-287.9495879,19.8032
234.1920121,19.7
92.22961212,19.6976
-254.5391879,19.676
-39.07198788,19.3088
-287.9495879,19.2464
-156.3887879,19.1936
-276.3887879,19.0904
196.1376121,19.0376
-153.6983879,18.8168
16.03921212,18.7952
197.2008121,18.7832
-235.7135879,18.632
-178.6247879,18.56
-197.1959879,18.5528
-143.2751879,18.488
-99.17518788,18.1856
-91.34878788,17.8544
52.98481212,17.5328
-255.6671879,17.3432
112.0584121,17.144
-206.9207879,17.1176
-146.6879879,16.9952
-110.2415879,16.9208
409.6104121,16.7096
-214.7279879,16.5392
-134.0999879,16.4408
-70.81678788,16.2992
47.44561212,16.1504
-23.81518788,16.0304
-255.0359879,16.0064
-91.64638788,15.6128
82.59361212,15.4496
32.50321212,15.344
186.1656121,15.2432
-98.81998788,15.2048
506.3664121,15.1376
17.40241212,15.128
-172.6463879,15.0992
-86.74798788,14.9912
-81.06958788,14.9072
-10.65118788,14.8952
-180.5927879,14.8856
124.1880121,14.8784
-182.7959879,14.8184
-79.47358788,14.7032
-76.10638788,14.5856
-163.4159879,14.4752
460.5864121,14.456
0.201612121,14.4104
132.2976121,14.3456
-26.99758788,14.2352
-120.4919879,14.1608
-70.33438788,13.9136
-161.8055879,13.2896
162.6480121,13.2008
-212.9327879,13.0736
-384.2807879,12.8312
130.8744121,12.8168
-70.47838788,12.5888
-152.7887879,12.4568
98.95441212,12.3392
-172.6103879,12.2048
-1.876787879,12.1016
-208.8743879,11.9312
213.4056121,11.8256
-125.6063879,11.7272
-238.4183879,11.6984
-203.9975879,11.6864
201.7344121,11.4872
-135.7559879,11.168
-201.3911879,10.9448
-197.0183879,10.6496
-16.25998788,10.4576
-227.1167879,10.4384
172.5768121,10.4216
72.50161212,10.4048
-38.08078788,10.376
-59.69278788,10.22
147.4440121,10.184
-78.62878788,10.1504
-132.6287879,9.872
-107.6519879,9.8672
180.2400121,9.6392
-183.5975879,9.5456
370.4376121,9.5408
-42.71998788,9.4448
58.47121212,9.4112
-297.0527879,9.3584
-254.9471879,9.3464
-295.0583879,9.3104
-260.1863879,9.2768
61.52641212,9.2456
-18.36238788,9.1856
-53.80318788,9.14
72.02161212,9.092
-152.9903879,8.7032
-21.40318788,8.6168
123.5976121,8.4944
14.24641212,8.42
-409.0847879,8.2352
-205.7951879,8.1776
47.79601212,7.8128
-185.8463879,7.5896
363.6264121,7.4864
-124.2911879,7.3304
-76.86958788,7.2872
-155.2319879,7.256
-32.46718788,7.2296
121.9752121,7.2224
160.9176121,7.1096
-83.99758788,7.0424
32.59201212,6.968
235.2360121,6.8624
-102.7751879,6.452
-47.29918788,6.3728
44.36161212,6.2792
4.701612121,6.1376
-152.0447879,5.8568
152.4768121,5.696
58.90321212,5.6792
-126.1007879,5.66
-97.66318788,5.624
-126.5807879,5.54
-137.9375879,5.4728
-47.25358788,5.3768
93.55921212,5.336
-87.79918788,5.1368
-173.8823879,5.1224
131.0376121,5.0768
168.3240121,5.0192
-156.4295879,4.9808
36.87601212,4.82
-23.83198788,3.9536
-119.1311879,3.9176
323.1552121,3.5168
-21.24478788,3.512
-145.5599879,3.476
32.87521212,3.4664
285.0720121,3.344
-105.8183879,3.236
223.6392121,3.1544
69.60481212,3.1328
-103.8215879,3.0488
82.30321212,2.8856
-47.93758788,2.816
-66.75118788,2.7392
75.71521212,2.5376
-152.4191879,2.3312
-50.12398788,1.8728
-31.23358788,1.8248
-35.54158788,1.6784
87.48001212,1.5968
-132.7055879,1.4504
-189.4271879,1.3904
-288.5783879,1.3472
-77.17198788,0.9128
-138.4487879,0.896
-62.10478788,0.7688
-38.36398788,0.7472
5.820012121,0.6752
-170.0879879,-0.0352
-124.0487879,-0.1528
85.53841212,-0.3256
-125.8223879,-0.5104
238.9416121,-0.6808
-185.3471879,-0.7096
-254.4911879,-0.976
89.48161212,-1.0096
332.4960121,-1.1728
-151.0079879,-1.2304
-184.0103879,-1.2808
-175.7903879,-1.4272
-184.5287879,-1.4896
-30.89998788,-1.5376
-101.7815879,-1.6456
-196.9487879,-1.6792
-81.00958788,-1.768
-183.6575879,-1.8496
-191.9063879,-1.9096
-98.31358788,-1.996
86.41441212,-2.5552
-58.46158788,-2.5576
-136.9751879,-2.5648
42.60961212,-2.5912
-202.2815879,-2.6104
-89.64718788,-2.6536
-248.4071879,-2.8216
-72.50398788,-3.0544
74.53681212,-3.3088
40.60081212,-3.5584
187.9176121,-3.688
-163.8287879,-3.8392
-201.0263879,-3.892
-66.84478788,-3.9712
-58.81918788,-4.0288
588.7704121,-4.168
-278.6807879,-4.3024
-75.82318788,-4.3144
-132.9935879,-4.4464
-169.4303879,-4.636
-209.0351879,-4.816
-151.8095879,-5.3416
-66.77278788,-5.4496
23.36641212,-5.5816
-68.66638788,-5.728
124.7544121,-5.764
20.22481212,-5.7784
-74.88718788,-5.7784
-110.2391879,-5.8288
-98.73358788,-5.8312
-75.91918788,-5.9848
-83.84878788,-6.0184
-6.928787879,-6.04
316.0344121,-6.0712
317.8440121,-6.3352
-158.3231879,-6.352
331.2024121,-6.3952
6.117612121,-6.4168
23.79601212,-6.628
-68.61358788,-6.6544
307.3272121,-6.8128
136.4904121,-6.976
-124.8503879,-7.2088
6.120012121,-7.3048
69.00961212,-7.48
-58.91518788,-7.5088
62.14081212,-7.5904
288.5040121,-7.828
-14.02798788,-7.8592
-77.86798788,-8.0344
229.6128121,-8.092
205.9584121,-8.1328
-47.12878788,-8.236
-105.9407879,-8.2864
152.2632121,-8.2912
11.11681212,-8.3896
147.6096121,-8.5384
-121.4279879,-8.7544
55.65601212,-9.0904
112.2072121,-9.2224
-94.24078788,-9.2272
-138.5399879,-9.3064
-80.99998788,-9.3232
-79.86958788,-9.3544
92.45281212,-9.4648
-163.9751879,-9.5344
-320.5823879,-9.664
221.1936121,-9.76
-27.95758788,-9.8296
-9.683987879,-9.9088
-128.4143879,-10.0096
-104.7455879,-10.0288
-164.2343879,-10.1488
-105.5591879,-10.1752
259.9320121,-10.2208
-22.49758788,-10.3264
-195.9191879,-10.5616
80.06401212,-10.6216
-117.5855879,-10.756
24.96001212,-10.792
316.7520121,-10.8376
20.38321212,-10.9
-74.58238788,-10.948
-117.9119879,-11.0872
95.83681212,-11.1352
-19.57198788,-11.3176
166.5024121,-11.4256
-246.1511879,-11.4712
-202.3847879,-11.4712
-202.7351879,-11.5912
-175.4735879,-12.1072
210.1560121,-12.6784
-103.4855879,-12.7192
-134.7551879,-12.8968
-95.91598788,-12.8992
-191.2295879,-13.0696
-245.4671879,-13.1488
-168.9167879,-13.264
-88.87678788,-13.3792
581.9592121,-13.4944
-27.35278788,-13.6168
-232.7639879,-13.6552
-31.30798788,-13.7224
-17.55358788,-13.8136
-133.3847879,-13.8856
-83.20798788,-14.008
-54.54718788,-14.4904
-53.43838788,-14.9032
147.3000121,-15.0208
175.5120121,-15.2728
46.02241212,-15.4264
-104.6039879,-15.4504
-141.0599879,-15.8104
-43.56238788,-15.868
-54.38158788,-15.9256
-126.9695879,-16.204
-290.3231879,-16.2592
293.2056121,-16.3672
444.9432121,-16.6144
-54.57598788,-16.6768
-79.05838788,-16.7224
-308.4479879,-16.9336
-216.8495879,-17.1088
-11.62798788,-17.2144
-181.6751879,-17.3296
-54.33598788,-17.4544
25.39201212,-17.5288
178.4400121,-17.704
308.2608121,-17.8768
79.12561212,-18.1312
-18.11278788,-18.5104
65.91601212,-18.5992
542.8656121,-18.8104
-144.4367879,-19.048
100.9128121,-19.1152
-100.4903879,-19.1608
62.07121212,-19.312
-260.8871879,-19.6792
128.5896121,-19.6936
-57.63598788,-19.8976
-104.8991879,-19.9072
-208.0271879,-19.9624
257.1768121,-20.0368
76.32481212,-20.704
101.6880121,-21.0664
56.42401212,-21.1456
-206.3303879,-21.1624
-72.83038788,-21.3496
-212.4071879,-21.4096
-291.1583879,-21.4192
-181.4111879,-21.772
-250.8287879,-22.1296
154.4448121,-22.1776
70.42081212,-22.3528
-110.3183879,-22.3576
16.44241212,-22.4152
-15.96718788,-22.528
-74.62798788,-22.54
-269.8175879,-22.7536
-149.3375879,-22.8688
183.1992121,-22.924
-40.68238788,-22.9576
-46.50718788,-22.984
137.8560121,-23.044
322.5480121,-23.1064
-47.23198788,-23.2336
127.5744121,-23.2432
71.93761212,-23.3128
-54.70798788,-23.3488
-46.29118788,-23.4616
-82.81438788,-23.4856
-35.50798788,-23.5864
279.4704121,-23.6104
-232.4423879,-23.656
-60.59278788,-23.8936
93.84721212,-24.0208
11.33281212,-24.0496
-214.1975879,-24.3136
122.9952121,-24.3832
129.7920121,-24.5368
258.5016121,-24.6664
140.0520121,-24.6856
294.5040121,-24.6856
9.400812121,-24.8416
-1.113587879,-25.096
414.1128121,-25.1632
-64.79758788,-25.372
174.8952121,-25.5208
-65.74558788,-25.5496
6.501612121,-25.5568
-142.0871879,-25.5688
-245.6903879,-25.6048
-74.51758788,-25.6336
231.7512121,-25.6864
-8.282387879,-25.7608
24.22321212,-25.8304
-67.49998788,-25.9624
-11.26798788,-26.1568
-169.7351879,-26.164
280.7160121,-26.3752
-376.1903879,-26.4736
89.52481212,-26.4832
1.312812121,-26.656
256.2456121,-26.7808
-168.8279879,-26.9272
29.28961212,-27.016
236.0280121,-27.2632
239.0232121,-27.3208
144.0216121,-27.3736
136.0416121,-27.3856
218.3688121,-27.4
-110.1431879,-27.5464
83.65921212,-27.7096
-416.7719879,-27.7144
523.2552121,-27.7384
-44.95438788,-27.928
-122.6711879,-28.2976
-2.887187879,-28.3384
-143.5655879,-28.468
-251.4383879,-28.5208
-150.5087879,-28.5592
106.4472121,-28.7896
628.2048121,-29.068
-84.58078788,-29.356
-144.9239879,-29.428
-90.12958788,-29.548
280.3776121,-29.5864
-152.9639879,-29.5936
-273.6359879,-30.0616
85.34161212,-30.1144
-86.63278788,-30.484
-22.30318788,-30.484
-186.8735879,-30.7936
-100.4423879,-30.82
-211.1543879,-30.9976
-96.65038788,-31.108
97.53841212,-31.252
-240.5015879,-31.288
240.9552121,-31.492
-66.43198788,-31.7272
73.64161212,-31.9072
233.3616121,-32.368
-46.01278788,-32.8888
-66.89518788,-32.92
-131.9495879,-33.0448
2.697612121,-33.052
41.09761212,-33.1024
20.19601212,-33.2296
136.3008121,-33.3232
-50.71918788,-33.52
-50.66158788,-33.5416
133.7112121,-33.5728
-194.6231879,-33.8272
-238.9007879,-33.9136
-35.34958788,-33.9472
-144.4943879,-33.9904
-175.2407879,-34.0912
-19.27918788,-34.3696
-102.0887879,-34.4008
-217.0847879,-34.5544
-137.4863879,-34.6912
-237.1991879,-34.936
-121.2023879,-35.0152
28.09681212,-35.032
-171.4295879,-35.3296
426.8976121,-35.3584
249.6960121,-35.62
52.68961212,-35.6704
-24.39838788,-35.7616
-100.2743879,-35.8072
427.9560121,-35.8144
142.4472121,-35.9128
-58.04158788,-35.9584
54.06721212,-36.0016
8.104812121,-36.0064
34.80721212,-36.1048
164.4192121,-36.148
-27.73438788,-36.2128
-115.7519879,-36.2344
-132.2279879,-36.2872
-16.25518788,-36.4048
-169.2191879,-36.5392
239.6040121,-36.6688
-122.1863879,-36.6952
-1.435187879,-36.7192
250.9512121,-36.724
54.63841212,-36.736
-175.0583879,-36.796
-67.48078788,-37.1152
-25.84078788,-37.144
-380.0447879,-37.2856
-168.4487879,-37.3816
-65.23918788,-37.408
4.128012121,-37.4104
149.4984121,-37.4536
159.4032121,-37.456
-24.37678788,-37.5496
386.1048121,-37.5808
-59.01118788,-37.768
16.41601212,-37.9072
-34.37278788,-38.0632
-92.24638788,-38.1088
176.8488121,-38.1232
-259.9487879,-38.4016
-112.2815879,-38.6728
-244.4231879,-38.7424
-152.6927879,-38.7928
-68.56798788,-38.9008
-172.9775879,-38.9224
-133.9319879,-39.0088
-172.1519879,-39.028
187.8360121,-39.028
297.4536121,-39.0376
-110.9519879,-39.5776
-208.3775879,-39.7576
4.860012121,-39.76
54.39601212,-39.9736
-150.4871879,-40.0048
13.44721212,-40.072
-284.1407879,-40.132
132.5832121,-40.1824
-17.25838788,-40.3864
241.6752121,-40.4224
87.93121212,-40.48
-169.9271879,-40.564
-14.63038788,-40.6528
-67.26718788,-40.7752
-101.4479879,-40.9336
395.6136121,-41.0104
-82.43758788,-41.0272
-201.1343879,-41.296
398.6472121,-41.3968
200.4048121,-41.4016
-109.6583879,-41.5048
-119.4359879,-41.5552
-2.843987879,-41.6728
279.1536121,-41.7928
-161.3495879,-41.9896
-111.5231879,-42.0472
21.63361212,-42.2224
-119.9327879,-42.4264
-134.3663879,-42.5608
-125.9567879,-42.5752
30.90961212,-42.8104
77.67601212,-42.9832
-52.13518788,-43.0048
13.49521212,-43.1416
-132.4175879,-43.276
-177.4079879,-43.396
-217.6631879,-43.6144
-117.5135879,-43.6216
-112.9223879,-43.84
-76.01038788,-43.8784
-21.81838788,-44.1544
-74.27518788,-44.2864
-106.9199879,-44.3536
-108.5711879,-45.7792
-135.7031879,-45.868
-150.8951879,-45.9376
47.88481212,-46.048
-93.97198788,-46.0648
40.41601212,-46.1032
295.1592121,-46.1056
-61.41838788,-46.1296
-19.64638788,-46.168
-107.1599879,-46.228
127.3344121,-46.2424
11.31121212,-46.3096
115.7712121,-46.3528
-199.2431879,-46.5904
-81.97438788,-46.5952
-85.36318788,-46.6336
33.52081212,-46.6912
365.2200121,-46.7896
135.2904121,-47.2336
-64.90798788,-47.236
616.4976121,-47.4184
-150.6719879,-47.584
-40.74478788,-47.7016
-103.3199879,-47.7832
-53.51758788,-47.8048
85.54801212,-47.8288
-70.86478788,-48.1504
543.4128121,-48.4192
72.78721212,-48.6064
-96.21838788,-48.616
72.85201212,-48.8536
-185.3063879,-48.8872
-32.32318788,-49.0888
-138.3623879,-49.4128
-159.6047879,-49.4968
10.87681212,-49.5616
308.0280121,-49.5784
-48.18718788,-49.5856
-5.001587879,-49.6504
28.68241212,-49.7728
56.12641212,-50.0848
16.70641212,-50.236
155.4120121,-50.4064
-57.36958788,-50.7112
22.90321212,-51.0064
-84.87838788,-51.292
-55.29118788,-51.34
-25.18078788,-51.5968
164.8104121,-51.9832
63.95041212,-52.0072
-3.847187879,-52.1032
297.9336121,-52.4296
63.39121212,-53.008
44.58001212,-53.212
-48.47758788,-53.2648
-87.63118788,-53.4064
-58.53598788,-53.4232
170.0688121,-53.5864
161.0304121,-53.9392
-84.83518788,-53.968
-12.30958788,-54.0616
-13.02478788,-54.3376
9.943212121,-54.3664
164.7336121,-54.4696
-309.3071879,-54.5104
-49.79998788,-54.5344
-106.6919879,-54.808
-84.81358788,-54.9688
133.2480121,-55.0432
-31.56958788,-55.42
-112.4879879,-56.008
85.91281212,-56.0632
35.66161212,-56.5168
-52.90318788,-56.7448
-18.90238788,-56.752
153.2088121,-56.7688
60.33841212,-56.8024
-127.7879879,-56.8504
-41.17678788,-57.3424
-107.0471879,-58.312
94.08241212,-58.3336
-409.5791879,-58.3456
-151.3367879,-58.5016
-11.66158788,-58.9048
-11.41438788,-59.1088
-38.28718788,-59.1784
-91.73278788,-59.2072
104.0784121,-59.236
52.28881212,-59.4592
-248.5175879,-59.5
28.40641212,-59.572
-62.74798788,-59.8576
-78.37918788,-59.9392
205.8648121,-59.944
-82.18798788,-60.088
28.96561212,-60.1672
5.239212121,-60.4528
70.38481212,-60.6952
-119.6159879,-60.8248
-220.0727879,-60.8944
248.6688121,-60.9952
-51.76558788,-61.4848
272.8560121,-61.5736
-131.4191879,-61.6144
-195.5231879,-61.6384
23.54641212,-61.7728
-197.0903879,-62.56
-95.26078788,-62.608
99.54721212,-62.9008
-13.54078788,-63.1672
-23.09038788,-63.172
27.02161212,-63.364
-219.7295879,-63.3736
160.0128121,-63.4072
-64.03918788,-63.5008
445.8720121,-63.508
190.1424121,-63.5944
73.64881212,-63.952
609.0696121,-64.048
97.57201212,-64.2352
96.56161212,-64.396
147.7824121,-64.828
-70.78558788,-65.0008
186.6504121,-65.1376
786.8568121,-65.3176
3.165612121,-65.9608
-82.01278788,-65.9656
-17.33518788,-66.1528
-118.7543879,-66.1648
-104.7263879,-66.4864
137.6256121,-66.5032
161.6280121,-66.9256
123.6192121,-67.2208
66.60721212,-67.4416
374.8368121,-67.948
-83.44078788,-67.984
9.273612121,-68.0416
227.7240121,-68.1016
122.0112121,-68.1928
-18.33838788,-68.488
94.63681212,-68.8552
197.8536121,-68.9248
-240.9503879,-69.0664
11.41201212,-69.1072
-11.45758788,-69.1168
65.06161212,-69.2392
-247.7519879,-69.328
275.4888121,-70.9192
192.6504121,-70.9336
72.54241212,-71.0272
549.4728121,-71.0704
-59.16238788,-71.128
-27.84478788,-71.1688
-71.23918788,-71.2792
1.293612121,-71.5072
379.1376121,-71.7976
-124.1639879,-71.8672
227.5224121,-71.932
434.4528121,-71.968
445.4712121,-72.0328
86.26561212,-73.3672
-161.3543879,-73.4368
148.9608121,-73.516
-264.9479879,-73.7632
61.23841212,-73.7704
-3.479987879,-74.0416
18.18961212,-74.0944
-81.94318788,-74.392
40.16641212,-74.4016
-139.4303879,-74.4064
-275.2415879,-75.0688
410.6832121,-75.4936
205.2360121,-75.6448
45.44161212,-75.6616
174.9696121,-75.904
78.24241212,-75.9568
32.11681212,-76.3192
-29.65678788,-76.672
-51.18958788,-76.756
-43.31758788,-77.0608
6.957612121,-77.08
-192.1871879,-77.6584
155.1048121,-78.2632
200.1528121,-78.424
53.82721212,-78.4936
-120.6407879,-78.5152
-47.54158788,-79.1848
240.1152121,-79.288
-70.61038788,-79.5856
206.3424121,-79.7608
-130.1135879,-79.7824
-52.47118788,-80.6368
-21.00238788,-80.6848
143.5584121,-80.9584
9.055212121,-80.9776
-210.4391879,-81.1312
505.2000121,-81.2968
119.2176121,-81.4672
179.6880121,-81.808
-4.975187879,-82.4728
147.1272121,-83.5816
-4.598387879,-83.8816
-41.66878788,-84.5464
300.7056121,-84.6808
29.91361212,-84.9592
434.5872121,-85.504
57.53521212,-85.5352
-257.5895879,-85.5664
136.8576121,-85.7656
106.8528121,-85.9168
-85.78078788,-86.296
-84.46078788,-86.608
-19.28398788,-86.68
-164.7239879,-86.9968
-1.259987879,-87.1408
331.4616121,-87.412
67.87921212,-87.5896
80.21281212,-87.6616
584.5944121,-87.8488
233.4600121,-87.8848
-62.78638788,-87.9928
240.4392121,-88.1992
73.41841212,-88.4968
438.7392121,-88.8232
81.24481212,-88.8568
190.9848121,-88.9888
312.8016121,-89.0368
-130.4255879,-89.0824
637.0416121,-89.3992
-61.82638788,-89.6008
739.0920121,-90.5008
143.1168121,-90.5824
382.8912121,-91.2592
-126.0023879,-91.3984
-63.73918788,-91.6888
90.32641212,-91.7968
43.11841212,-92.0488
-76.81438788,-92.164
-55.22878788,-92.2648
425.8176121,-92.2768
175.7544121,-92.8432
249.1296121,-93.2056
-59.38798788,-93.2464
105.9552121,-93.3568
377.3088121,-93.6952
-73.90558788,-93.928
54.61201212,-94.4416
156.8568121,-94.6888
0.206412121,-95.2168
-122.5679879,-95.2768
28.92961212,-95.2984
220.3896121,-95.3152
256.0656121,-95.404
-159.3863879,-95.4568
-72.25918788,-95.4592
269.3304121,-96.2344
389.8104121,-96.8272
5.976012121,-97.9096
-41.57518788,-98.3656
-36.08638788,-98.4112
45.76801212,-98.968
105.5136121,-99.1816
197.4432121,-99.5512
56.25601212,-99.7984
83.77201212,-99.8752
338.7912121,-100.2568
-120.6647879,-100.3024
339.2280121,-100.4656
-11.85358788,-100.9528
87.79201212,-101.1952
287.4960121,-101.5072
162.3696121,-103.036
61.08481212,-103.1728
44.58961212,-103.48
63.98401212,-103.8448
460.7280121,-103.9744
249.1824121,-104.1304
248.8920121,-104.1856
-19.73998788,-104.344
-133.4903879,-104.7712
257.9760121,-105.1336
-35.30878788,-105.3592
-6.616787879,-105.6784
53.92321212,-106.0144
-24.44398788,-106.0576
-62.02078788,-107.104
161.4000121,-107.6896
69.07681212,-107.716
17.48401212,-108.3472
451.5552121,-109.0288
-131.4407879,-109.0312
48.72481212,-109.2256
-214.6655879,-109.4704
164.3328121,-109.8136
410.2968121,-109.8856
74.24161212,-110.3416
71.11681212,-110.3632
43.94401212,-110.4712
169.0704121,-110.98
-121.7759879,-111.7768
233.3616121,-111.8968
-130.7111879,-112.216
204.1440121,-112.2664
-235.3055879,-113.5768
38.00401212,-113.8216
493.5600121,-113.9224
-64.13278788,-114.2368
388.2912121,-114.5368
199.7616121,-114.7096
88.26961212,-115.2184
161.6928121,-115.3408
5.997612121,-115.5856
268.3896121,-115.7632
-24.02878788,-115.912
-98.88958788,-116.008
497.0448121,-116.2864
43.43041212,-116.8936
-11.80558788,-116.9992
237.1608121,-117.172
449.3688121,-118.9984
155.5296121,-119.26
231.1896121,-119.8216
50.89921212,-120.1408
212.2536121,-120.1696
39.84481212,-120.2008
144.8304121,-120.4624
7.027212121,-120.5224
144.6552121,-121.204
-69.43198788,-122.2144
71.75041212,-122.5864
-20.35438788,-123.7672
233.6856121,-123.8056
236.8128121,-123.832
102.9408121,-125.1184
28.66081212,-125.8576
608.7360121,-126.2296
19.80481212,-126.4912
191.8440121,-127.0024
-87.66478788,-127.2448
-23.25118788,-128.4112
170.2368121,-128.8072
218.5440121,-129.436
221.0496121,-129.46
236.7336121,-129.568
136.4016121,-129.952
517.5576121,-130.2928
110.4480121,-130.8304
629.9640121,-130.8664
74.13841212,-131.1784
-42.98638788,-131.4736
166.1160121,-132.3688
695.7912121,-132.6616
-56.50318788,-133.3
183.4512121,-133.3696
4.435212121,-133.6096
204.0048121,-133.744
485.8872121,-135.9712
195.6480121,-135.9904
-2.143187879,-136.0288
359.5944121,-136.1896
-109.4519879,-136.9816
249.0888121,-137.6872
-65.27998788,-138.6064
-191.0279879,-139.1752
204.7272121,-139.684
84.34081212,-139.8544
268.3296121,-140.3632
414.4968121,-140.596
54.79921212,-140.7112
325.9800121,-140.9968
233.1648121,-141.1984
-8.195987879,-141.4096
364.9608121,-141.4408
820.9512121,-142.3264
73.37521212,-143.2696
-115.9847879,-144.0832
152.2344121,-144.196
235.2144121,-144.328
690.9624121,-145.2472
54.09841212,-145.3432
-19.87918788,-146.2432
494.0112121,-146.4088
200.1744121,-146.7256
420.3024121,-147.22
41.30641212,-148.0264
573.9648121,-148.2928
-25.35358788,-148.468
-227.7119879,-148.468
101.8056121,-148.8304
290.4720121,-149.668
