-199.32,-75.816
-197.472,56.656
-190.392,-133.064
-189.96598,190.48669
-189.504,30.928
-189.048,75.256
-188.608,32.736
-188.504,-10.412
-188.088,-140.576
-187.584,57.976
-186.85347,16.22685
-186.84,-151.352
-186.776,-50.9
-186.688,-182.976
-186.24517,72.26755
-186.216,40.768
-185.79388,-88.49052
-185.592,-175.4
-185.22188,107.14394
-185.208,52.84
-182.632,-7.704
-182.616,-44.504
-182.544,-159.872
-182.28,-56.096
-182.192,115.324
-175.752,-55.328
-175.584,-26.096
-175.472,7.66
-174.96,-102.248
-174.96,-21.944
-174.6,43.416
-174.504,18.808
-174.392,-51.692
-174.24,-54.768
-174,81.976
-173.36,49.54
-173.18967,160.51177
-172.832,-26.732
-172.8,-197.048
-172.68,25.072
-172.20099,179.70637
-172.19428,-50.74425
-168.49982,90.73137
-168.432,195.904
-168.336,-176.336
-168.31476,-47.33994
-168.16,-71.76
-167.976,51.544
-167.51913,103.99554
-167.504,113.02
-167.072,74.044
-167.064,-34.064
-166.808,-157.436
-166.624,-92.424
-166.152,-126.512
-165.752,79.9
-165.536,-50.996
-165.504,-73.872
-165.16,85.128
-165.0662,-1.58705
-164.488,0.216
-164.112,-15.464
-163.608,65.832
-163.16701,-147.72754
-162.712,17.544
-162.672,-25.656
-161.608,98.688
-160.728,-160.856
-160.664,-91.004
-160.656,75.232
-160.624,-123.144
-160.464,44.664
-160.4,51.532
-159.448,53.928
-159.056,49.804
-158.936,61.276
-158.84196,102.65511
-158.8,64.344
-158.592,69.568
-158.33177,-85.73512
-158.208,-143.696
-158.15642,15.68908
-157.968,4.84
-157.96,168.024
-157.90217,-30.91838
-157.856,47.5
-157.688,140.044
-157.632,58.816
-157.392,-118.4
-157.344,119.272
-157.1834,112.16822
-157.056,-54.656
-156.77806,29.99818
-156.752,50.716
-156.5671,114.03909
-156.54475,-103.54569
-156.424,55.536
-156.384,-150.944
-155.744,-77.756
-155.688,181.24
-155.464,47.856
-155.416,-72.576
-155.4,-14.12
-155.232,-44.192
-155.10849,-83.80368
-155.088,-24.656
-154.616,-97.244
-154.432,-19.536
-154.216,-125.424
-154.14449,160.01062
-154.112,49.3
-154.06359,35.99915
-154.056,17.896
-153.96,-95.384
-153.944,-81.356
-153.576,-58.448
-153.392,-180.188
-153.1834,22.21818
-152.984,-155.204
-152.64,-6.44
-152.616,-123.848
-152.12,106.948
-152.0413,-1.18472
-151.992,89.8
-151.656,33.664
-151.63594,-143.45501
-151.504,-174.696
-150.888,-59.696
-150.856,190.008
-150.136,140.352
-149.984,172.228
-149.912,44.98
-149.904,-161.408
-149.664,34.912
-149.64831,44.08032
-149.648,34.756
-149.632,-46.2
-149.448,65.616
-149.376,13.224
-149.232,-35.24
-149.224,100.68
-149.136,-106.736
-149.112,-32.36
-148.68,67.48
-148.392,14.704
-148.36,21.12
-148.16644,-13.76071
-147.712,-110.784
-147.696,-107.952
-147.36,162.592
-147.168,24.952
-146.952,3.792
-146.888,11.38
-146.888,65.5
-146.72,-129.956
-146.6,-14.732
-146.48,98.956
-146.168,-93.02
-146.16144,-58.78548
-146.056,-129.624
-145.84,6.96
-144.968,90.892
-144.87859,-26.4961
-144.664,142.152
-144.608,49.468
-144.48,-95.504
-144.328,43.848
-144.28,-13.128
-144.104,112.324
-143.4,-134.568
-143.312,20.476
-143.112,88.192
-143.04567,57.40605
-142.872,-54.392
-142.72,-39.192
-142.152,-10.112
-142.056,13.864
-142.02036,-63.9981
-141.528,-36.432
-141.44202,52.44135
-141.408,-53.696
-141.35717,96.67078
-141.04,-96.648
-140.272,48.12
-140.208,-89.72
-139.17348,52.86997
-139.096,-39.744
-139.032,-109.416
-138.87726,-150.41605
-138.504,-74.552
-138.456,-106.28
-138.272,126.076
-138.096,-117.912
-137.856,-117.224
-137.44,-8.496
-137.28966,193.3599
-137.232,-19.88
-137.176,-55.872
-137.088,-34.752
-137.04,34.056
-136.992,103.144
-136.56,-3.32
-136.48396,14.0445
-136.35818,54.86097
-135.792,-64.904
-135.536,-92.588
-135.52,-129.984
-135.464,-132.86
-135.416,-101.516
-135.288,36.472
-135.104,64.156
-134.44574,169.02223
-134.16,-123.824
-133.736,-106.124
-133.704,46.816
-133.648,100.512
-133.6,8.28
-133.296,-9.176
-133.104,-64.88
-132.816,35.752
-132.528,1.648
-132.176,90.652
-132.104,-149.828
-132.08,-98.324
-131.9449,99.02219
-131.52,-142.376
-131.44638,5.90677
-131.384,99.316
-131.328,11.712
-131.304,-40.152
-130.16,14.404
-130.1143,159.90912
-129.84,-141.392
-129.84,-129.696
-129.552,-133.8
-129.312,-17.048
-129.31126,-71.46662
-129.272,-96.932
-129.25203,-70.05365
-129.136,-14.448
-129.07967,10.36532
-129.024,-121.52
-128.888,-56.756
-128.75186,-78.04363
-128.69432,48.59478
-128.608,66.576
-128.472,-131.96
-128.464,-159.48
-128.36,83.38
-128.024,-170.3
-128.024,97.972
-127.424,-40.844
-127.38181,-128.76023
-127.33458,-1.01733
-127.16,115.228
-127.136,131.836
-127.136,136.852
-127.072,193.824
-127.0354,-63.0976
-126.90462,-37.35595
-126.84209,74.20765
-126.6,-15.464
-126.48,-13.016
-126.38915,-31.47511
-126.384,16.192
-126.128,-48.692
-125.936,22.276
-125.88767,46.66534
-125.808,61.456
-125.792,-16.676
-125.744,121.156
-125.624,6.532
-125.424,-105.08
-124.928,3.58
-124.64,122.86
-124.624,-198.864
-124.48,14.736
-124.136,136.636
-124.096,-42.96
-123.76225,178.73733
-123.44305,-153.99307
-123.328,-23.184
-123.216,-36.056
-122.808,5.352
-122.72,71.668
-122.63378,46.2883
-122.47136,-53.49398
-122.432,39.196
-122.104,-19.632
-121.944,97.552
-121.848,-5.832
-121.84,-151.56
-121.528,-20.856
-121.512,-49.272
-121.376,98.188
-121.304,124.444
-121.2,187.528
-121.056,68.584
-120.51068,125.29496
-120.472,144.384
-119.496,-143.624
-119.408,-51.5
-119.04575,-31.54232
-118.592,70.468
-118.528,-109.944
-118.288,95.568
-118.10799,-38.88539
-117.96,23.536
-117.28639,94.16131
-116.976,2.952
-116.9739,21.93166
-116.48774,146.30153
-116.48638,52.13121
-116.392,-78.12
-116.184,41.32
-115.97459,129.16716
-115.968,37.152
-115.94665,194.99883
-115.7343,4.56867
-115.232,61.636
-115.104,-26.904
-115.088,57.268
-114.408,-48.416
-113.904,-83.552
-113.872,-132.48
-113.808,-51.056
-113.36,78.484
-113.208,-4.496
-113.024,-42.812
-112.992,8.64
-112.784,97.084
-112.728,-6.192
-112.56,-8.328
-112.536,-115.832
-112.392,-169.592
-112.392,114.952
-112.224,-161.168
-112.016,-88.964
-111.872,67.516
-111.448,-134.64
-111.31236,52.65034
-110.86279,107.26808
-110.488,198.24
-110.456,52.54
-110.256,50.856
-109.136,-0.764
-108.624,-15.432
-108.528,-100.016
-108.504,-1.872
-108.344,53.38
-108.10538,43.72592
-108.072,28.68
-107.992,-10.464
-107.896,160.488
-107.592,-38.232
-107.448,48.256
-107.408,-75.836
-106.824,163
-106.424,-35.108
-106.424,1.948
-106.304,-19.82
-105.96,-10.968
-105.79259,60.74182
-105.776,-60.236
-105.696,181.792
-105.672,-5.112
-105.64846,-73.91652
-105.032,3.388
-104.944,28.296
-104.73702,58.23468
-104.53236,71.21998
-104.488,23.256
-103.848,-38.84
-103.728,-80.376
-103.448,76.156
-103.36,76.32
-103.112,-67.964
-103.08,-10.64
-102.848,45.916
-102.816,76.984
-102.752,156.7
-102.2,66.964
-102.144,-10.776
-102.016,-48.24
-101.896,149.64
-101.696,-4.748
-101.64,-196.832
-101.136,22.68
-101.112,-198.464
-101.024,38.572
-100.968,9.72
-100.968,73.216
-100.744,-21.072
-100.656,15.456
-100.592,51.196
-100.424,49.708
-100.36,86.16
-100.328,12.916
-100.184,81.772
-100.1746,-137.48764
-99.80628,192.39718
-99.592,-47.952
-99.472,-106.464
-99.472,-17.376
-99.44151,-37.61551
-99.32,-58.004
-99.29346,146.21767
-99.192,70.12
-99.136,16.704
-98.81592,116.41647
-98.368,-76.56
-98.28,-8.448
-98.25283,-21.41591
-98.23587,17.48011
-97.544,16.492
-97.53267,-182.85051
-97.08814,127.24304
-96.952,-14.4
-96.816,-60.648
-96.296,-169.892
-96.12,-175.736
-95.584,20.352
-95.504,9.988
-95.12,24.892
-95.112,-125.4
-95.088,-41.328
-95.072,188.452
-95.008,-90.48
-94.952,164.908
-94.608,-5.952
-94.568,93.94
-94.464,-103.976
-94.416,6.936
-94.128,-84.936
-94.008,-33.152
-93.99959,-94.8582
-93.992,54.364
-93.46686,129.21442
-93.384,124.92
-93.32,26.596
-93.224,-37.676
-93.216,-130.784
-93.168,-127.88
-93.144,-117.128
-92.696,-106.628
-92.568,-92.264
-92.53972,3.78033
-91.824,-7.448
-91.59928,-11.60263
-91.528,-17.832
-91.22459,58.78642
-91.208,-22.604
-91.04953,-49.13526
-90.808,-104.208
-90.68,-29.78
-90.424,68.592
-90.312,80.056
-90.144,33.6
-89.896,-80.208
-89.704,-10.584
-89.592,28.824
-89.456,89.86
-89.208,-22.56
-89.192,79.396
-89.184,68.784
-89.16,-110.744
-89.088,11.448
-88.92,-80.088
-88.872,-30.576
-88.8,21.72
-88.672,-47.568
-88.328,-21.692
-88.24,98.4
-87.864,128.344
-87.816,11.008
-87.768,-111.056
-86.976,146.944
-86.808,61.624
-86.544,20.968
-86.464,-39.912
-86.232,39.88
-86.216,-19.508
-86.136,146.896
-86.12,23.908
-86.10011,-121.50268
-86.064,-122.96
-85.872,-77.208
-85.632,48.84
-85.376,36.124
-85.224,11.04
-84.992,-68.996
-84.94706,-57.86966
-84.928,69.144
-84.848,-50.996
-84.576,-38.928
-84.536,14.764
-84.44392,45.29597
-84.416,-94.388
-84.272,49.804
-83.968,143.184
-83.856,-22.296
-83.808,-44.064
-83.664,101.392
-83.648,4.108
-83.576,195.964
-83.448,-50.04
-83.432,21.748
-83.328,-69.272
-82.952,105.22
-82.392,52.368
-82.336,-100.68
-82.192,111.6
-81.992,42.004
-81.952,-188.544
-80.888,-18.74
-80.176,-44.064
-79.8,-190.52
-79.67355,2.7597
-79.52,-15.788
-79.448,34.516
-79.168,-111.456
-79.00697,-117.07241
-78.92,147.676
-78.856,80.784
-78.824,-7.748
-78.81297,-71.92751
-78.68,-38.54
-78.544,-183.12
-78.536,58.828
-78.456,-198.176
-78.40265,-109.07211
-78.36,59.448
-78.176,139.636
-78.01561,-166.01796
-77.952,-78.896
-77.88,-149.76
-77.768,-43.076
-77.64,65.04
-77.496,-178.016
-77.416,92.472
-77.304,-6.152
-77.28,29.488
-77.20367,-3.82662
-77.04594,0.61129
-76.968,-45
-76.968,58.248
-76.944,-172.688
-76.904,67.564
-76.72,161.52
-76.664,164.908
-76.08156,63.11985
-75.648,17.136
-75.608,108.724
-75.54581,157.94708
-75.48,-25.52
-75.256,-14.016
-74.89455,84.34439
-74.768,-55.172
-74.696,-82.94
-74.64,-122.84
-74.632,-106.68
-74.456,119.668
-73.632,30.6
-73.2,-7.536
-73.176,-27.416
-72.792,100.752
-72.776,-0.596
-72.624,11.136
-72.336,-81.168
-72.08,133.948
-71.944,-90.24
-71.904,89.184
-71.6493,49.99678
-71.62932,-10.30247
-71.19435,-121.81615
-70.776,118.992
-70.128,-70.056
-70.128,101.472
-70.11485,-16.38164
-70.064,-89.636
-69.864,-179.072
-69.83766,47.96751
-69.816,-40.056
-69.72,-71.208
-69.296,-122.54
-68.144,36.052
-67.632,48.232
-67.616,-27.308
-67.184,73.804
-66.96,-161
-66.784,36.312
-66.464,108.556
-66.296,-64.388
-66.168,10.368
-65.952,-130.904
-65.784,25.608
-65.448,-81.464
-65.384,143.356
-65.248,-131.856
-65.04,96.168
-64.88,106.132
-64.6,94.872
-64.408,-85.44
-64.4,92.092
-64.32,83.872
-63.944,-50.708
-63.712,174.768
-63.496,29.208
-63.32,39.796
-63.312,-9.536
-63.072,-164.48
-62.928,-51.792
-62.816,45.7
-62.648,36.292
-62.648,64.516
-62.528,146.932
-62.456,151.636
-62.448,-86.984
-62.432,50.62
-62.04268,36.38786
-62.04,175.8
-61.85033,26.45745
-61.84167,0.32777
-61.728,10.752
-61.68,-97.448
-61.61673,42.15921
-61.616,-71.876
-61.424,-27.14
-61.176,-21.408
-60.936,45.264
-60.864,68.032
-60.77114,42.74656
-60.472,15.408
-60.248,-131.996
-60.16,-15.288
-60.128,115.492
-60.024,-6.36
-59.13388,86.52875
-58.232,-15.428
-58.12953,-61.71157
-57.83803,-10.52676
-57.824,89.572
-57.456,138.696
-57.03772,96.68877
-57.024,63.52
-56.752,-174.888
-56.648,-9.956
-56.48,117.796
-56.424,-105.192
-56.304,-53.256
-56.04,171.144
-55.8,-8.52
-55.752,-25.416
-55.68,77.784
-55.552,23.064
-55.4,-74.492
-55.336,9.888
-55.248,-58.056
-55.184,-118.868
-54.96,80.128
-54.92,-56.18
-54.648,-38.376
-54.48,-66.6
-54.408,30.84
-53.976,17.32
-53.192,-42.356
-53.128,68.952
-53.104,108.768
-53.024,77.476
-52.8963,60.42104
-52.744,4.488
-52.496,144.076
-52.112,-11.42
-51.984,18.936
-51.768,-73.128
-51.632,50.884
-51.584,67.756
-51.288,96.352
-51.176,167.092
-50.71693,-0.36507
-50.5539,138.24367
-50.52,51.528
-50.48,-76.964
-50.424,35.688
-50.24774,115.15891
-50.2454,78.07387
-49.904,33.268
-49.784,-39.836
-49.776,-50.792
-49.696,-162.336
-49.376,43.564
-49.29035,168.72208
-49.136,-1.988
-48.816,-7.976
-48.792,142.072
-48.728,7.756
-48.504,-36.168
-48.37817,-1.63794
-48.368,-50.396
-48.312,7.176
-48.048,82.608
-48,-42.864
-47.464,-69.408
-47.36,-19.628
-47.32,-148.608
-47.13095,138.18511
-47.088,-79.008
-46.848,24.712
-46.792,25.872
-46.51292,-135.42008
-46.368,-151.92
-46.224,-37.272
-46.04,145.156
-45.968,6.58
-45.872,-22.388
-45.21316,176.16631
-44.9785,-81.59801
-44.8,-154.872
-44.352,-89.024
-44.112,-128.72
-43.97183,-146.72286
-43.648,62.568
-43.624,31.224
-42.84,-43.392
-42.816,51.12
-42.76817,-175.7477
-42.568,-58.536
-42.392,-74.852
-42.28,-26.16
-42.2,7.132
-42.192,18.168
-41.312,51.388
-41.256,-7.08
-41.192,7.156
-41.184,190.36
-41.064,77.224
-41.04,-20.544
-40.83441,-125.90564
-40.648,-166.128
-40.52,152.236
-40.2,-86.592
-40.176,35.04
-40.064,-119.636
-39.88,-75.048
-39.85675,46.65404
-39.80883,52.18646
-39.696,20.728
-39.536,-120.932
-39.504,7.392
-39.264,-49.272
-38.96,64.156
-38.736,22.944
-37.92,149.056
-37.568,-32.9
-37.504,133.848
-36.768,-68.856
-36.728,11.26
-36.6844,112.19819
-36.66975,98.02887
-36.59222,134.3179
-36.352,15.624
-36.224,36.124
-36.024,-27.816
-36,12.408
-35.976,-62.36
-35.264,-181.652
-35.256,-74.64
-34.688,-180.236
-34.11399,-47.64374
-33.808,-136.656
-33.512,-62.78
-33.504,8.808
-33.46706,-108.18159
-33.248,120.844
-33.19059,198.57854
-32.992,-23.376
-32.312,-54.212
-32.112,178.048
-31.99822,53.47265
-31.99389,70.45794
-31.76659,-14.94603
-31.632,-38.736
-31.58389,-25.78193
-31.56,-7.344
-31.536,-44.544
-31.39923,107.60287
-31.32064,-129.57418
-31.272,-11.64
-31.088,-119.228
-30.96,-6.936
-30.792,12.472
-30.536,-83.78
-30.168,-48.888
-30.12,-143.928
-29.6,-107.636
-29.6,108.724
-29.552,124.54
-29.528,178.564
-29.352,100.048
-29.1859,4.40829
-28.664,21.484
-28.272,59.808
-28.232,126.676
-28.224,52.056
-27.512,144.652
-27.232,-122.688
-27.216,-44.288
-26.92038,104.03217
-26.856,-24.6
-26.84,-8.492
-26.768,-105.644
-26.75829,-24.79524
-26.376,17.52
-26.376,145.128
-26.312,-5.276
-25.656,-127.44
-25.616,-161.42
-25.48,-178.776
-24.95763,6.34007
-24.88,-95.088
-24.824,142.588
-24.79821,-84.39733
-24.77095,13.49445
-24.48,77.52
-24.39192,40.76854
-24.00789,-7.13242
-23.672,-13.364
-23.496,62.016
-23.34667,39.36589
-23.28,1.624
-23.09971,-135.38247
-22.912,-88.92
-22.584,-21.816
-22.392,31.872
-22.35698,25.4954
-22.08,60.312
-21.624,27.576
-21.584,-120.572
-21.448,-74.304
-21.248,-123.548
-20.77129,-15.35036
-20.256,30.24
-19.24,-16.032
-18.888,-4.944
-18.032,-11.204
-17.952,2.088
-17.472,-12.528
-16.76,22.516
-16.536,-13.296
-16.376,-8.444
-15.808,-4.656
-14.136,-25.32
-13.496,30.412
-13.016,9.34
-12.08,-1.964
-11.648,-2.42
-11.464,-27.12
-11.36,-5.444
-10.208,7.684
-9.664,-7.32
-7.02625,-33.14264
-6.944,-24.932
-6.552,-0.648
-6.024,-18.552
-5.02665,-153.1234
-4.824,-24.008
-2.904,-21.48
-2.904,-21.48
-2.712,18.048
-1.584,-29.04
-0.048,5.832
0.0212,100.1234
2.16272,19.5134
2.824,-28.94
3.872,-13.368
4.05922,1.61331
4.344,11.68
4.872,12.552
5.12646,-29.12345
5.8,20.764
6.12156,140.12313
6.424,-1.82
6.576,4.128
7.864,-7.796
8.42692,3.15706
9.016,-8.324
9.28,-13.292
10.02654,29.02662
11.87316,22.89974
12.184,-17.06
12.448,4.588
14.048,6.84
16.096,-8.468
16.56,-26.976
18.968,28.56
19.18894,-13.95401
19.256,-9
19.872,-4.272
20.64,-11.856
21.01858,-130.35287
22.688,19.008
22.752,49.92
22.896,-43.872
22.968,-54.864
23.712,-14.16
23.776,78.028
23.856,-1.848
24.424,37.564
24.69807,-33.80318
25.072,29.212
25.224,-9.632
25.568,-148.704
25.896,-52.616
26.008,8.884
26.256,-38.856
26.368,-26.684
26.448,15.12
26.736,-35.04
26.8,-101.924
27.416,-163.824
27.888,32.712
28.09144,-184.81886
28.496,-39.12
29.32,-8.084
29.88,85.216
29.92,-165.404
30.4,50.98
31.728,26.808
32.392,105.316
32.824,155.212
33.68,-131.112
34.152,171.28
34.50403,-48.39713
34.872,55.056
34.96,-150.14
35.728,97.372
35.8,47.38
36,20.016
36.136,3.364
36.544,-91.124
36.896,-194.904
36.984,18.816
38.384,84.888
39.024,62.952
39.496,-16.628
39.624,-124.184
40.024,-90.572
40.032,-103.056
40.536,71.16
40.968,21.36
40.984,-143.252
41.28,-103.152
41.296,-33.14
41.90431,50.13391
42.048,93.504
42.09197,144.4237
43.28,91.728
43.312,98.212
43.92,-9.648
44.488,47.74
44.68,-99.476
44.912,-75.888
45.14323,34.88106
45.256,-195.356
45.56,-1.92
45.71694,15.13971
46.192,149.74
47.232,-35.208
48.28,173.98
48.39917,-181.87677
49.816,5.644
50.712,137.376
50.752,103.468
50.808,81.448
50.832,87.624
50.87268,-79.31746
50.976,80.256
52.888,14.116
53.032,-136.436
53.088,6.336
54.4434,-134.93886
54.496,165.34
54.528,90.408
54.912,-47.888
55.856,-68.856
56.096,1.008
57.232,-105.788
57.232,192.124
57.456,5.016
57.928,-73.412
58.648,51.436
58.944,-15.464
61.312,-57.5
61.456,189.436
64.384,-22.124
64.848,68.88
64.94982,-11.27215
64.992,25.56
65.016,52.848
65.11353,35.17624
67.76942,67.80439
67.8,-20.856
68.216,33.24
68.33913,90.17302
69.584,-22.944
70.488,61.608
72.856,-57.116
73.03201,-168.95303
73.336,103.948
74.544,45.48
74.656,21.628
74.704,55.828
75.016,-55.556
75.45793,-12.83088
75.56,-9.144
77.768,-91.632
79.168,-23.78
79.184,102
79.304,-68.28
79.944,46.344
80.12448,-72.36241
82.088,194.928
82.44,44.736
83.16,-62.528
83.4,75.144
83.888,-75.36
84.256,-6.86
84.63263,-164.37201
85.44,102
85.552,190.276
85.624,139.348
86.176,170.188
86.68,29.956
86.776,19.948
86.848,-91.292
86.984,-119.736
88.088,198.672
89.712,-18.792
89.92,-59.66
90.064,93.124
91.456,70.9
93.368,-30.528
94.76033,51.21611
94.768,133.492
96.26479,135.38681
97.6,-72.164
98.872,157.732
99.79956,98.15369
101.016,-10.416
101.016,100.768
101.16,-20.016
101.61986,100.04487
102.112,-148.484
102.36,133.336
102.53202,-10.21491
103.608,-197.832
111.088,97.924
111.264,81.456
111.808,74.812
111.95429,-68.06325
112.944,-82.464
114.632,66.864
114.72,147.192
114.84243,104.48711
115.472,45.456
117.616,30.94
118.112,40.68
120.328,84.772
121.36,-90.956
122.224,113.068
122.432,-179.736
122.83145,-42.24838
124.808,168.912
125.128,-16.7
127.864,-25.484
129.152,-37.608
131.32,154.828
131.472,27.256
132.456,-78.464
134.10429,-99.50904
134.552,35.376
134.792,-56.856
134.92,-41.324
139.376,-88.44
140.008,27.7
144.08,14.424
144.424,-60.308
145.45829,48.76522
147.04,-87.62
148.848,31.056
151.008,27.864
151.168,120.628
152.552,122.784
153.904,168.412
155.008,23.596
155.06457,36.16128
156.544,97.66
157.72,-50.972
159.87885,71.31754
160.36,-86.468
171.032,-106.32
173.184,-73.28
173.848,15.604
174.472,-18.836
174.57494,193.29408
175.43291,-113.75423
177.656,-44.976
182.9646,158.75912
183.47074,192.77961
191.08,-28.844
194.488,39.724
204.472,73.972
205.2,-194.6
208.184,-100.512
234.368,121.872
238.472,139.44
243.328,-137.54
249.216,-136.832
268.376,62.04
270.336,104.656
270.784,23.356
287.088,-173.888
288.544,-2.468
292.8,-114.584
323.696,-103.152
324.504,-112.296
340.296,-0.056
341.824,187.42
385.64,-144.768
389.136,-126.128
400.088,-11.88
449.696,28.584
452.432,-39.744
474.792,-150.824
607.496,-123.312
616.184,9.84
753.416,-39.864
2466.072,-105.704
2582.424,156.352
3211.416,144.016
3575.376,-120.728
3595.56,129.616
5000.28,80.28
5163.072,-199.208
5183.472,-164.528
