275.10 ,42.20 
246.37 ,226.03 
232.30 ,28.30 
200.80 ,-18.50 
183.47 ,192.78 
182.96 ,158.76 
175.43 ,-113.75 
174.57 ,193.29 
173.50 ,21.40 
170.10 ,-4.90 
159.88 ,71.32 
156.97 ,-84.46 
156.56 ,-141.53 
155.10 ,65.30 
155.06 ,36.16 
147.60 ,6.60 
145.46 ,48.77 
134.10 ,-99.51 
133.10 ,-40.74 
133.00 ,-140.55 
132.94 ,82.63 
127.80 ,-9.30 
122.83 ,-42.25 
121.50 ,-27.50 
119.84 ,-135.65 
119.10 ,80.90 
115.02 ,-94.73 
114.84 ,104.49 
111.95 ,-68.06 
110.29 ,80.35 
108.70 ,6.40 
103.90 ,23.60 
102.53 ,-10.21 
101.62 ,100.04 
99.80 ,98.15 
96.26 ,135.39 
94.76 ,51.22 
85.30 ,21.00 
84.63 ,-164.37 
80.12 ,-72.36 
75.46 ,-12.83 
73.03 ,-168.95 
70.46 ,9.59 
70.35 ,-41.98 
68.77 ,55.58 
68.34 ,90.17 
68.34 ,-145.97 
67.77 ,67.80 
65.11 ,35.18 
64.95 ,-11.27 
62.82 ,99.57 
57.50 ,2.60 
54.44 ,-134.94 
50.87 ,-79.32 
50.22 ,24.90 
48.40 ,-181.88 
45.72 ,15.14 
45.14 ,34.88 
44.62 ,-12.00 
43.10 ,-148.86 
42.40 ,39.50 
42.09 ,144.42 
41.90 ,50.13 
41.58 ,179.51 
39.90 ,64.70 
38.77 ,-6.74 
35.94 ,-67.61 
35.41 ,-10.34 
34.65 ,137.18 
34.53 ,7.58 
34.50 ,-48.40 
34.07 ,142.58 
33.60 ,8.20 
33.09 ,-150.01 
32.50 ,-0.40 
31.54 ,31.08 
31.10 ,-65.20 
30.76 ,-125.12 
30.40 ,96.90 
30.23 ,64.91 
29.48 ,-42.02 
28.93 ,-18.17 
28.09 ,-184.82 
27.46 ,-14.09 
27.21 ,-138.46 
27.18 ,21.79 
27.11 ,125.10 
26.67 ,-3.22 
25.47 ,-125.57 
24.70 ,-33.80 
24.37 ,-184.20 
23.40 ,48.60 
23.13 ,9.59 
22.83 ,-11.42 
22.69 ,-39.34 
21.02 ,-130.35 
19.42 ,-134.43 
19.19 ,-13.95 
19.00 ,47.50 
18.70 ,-16.34 
17.50 ,40.20 
17.15 ,22.48 
17.10 ,42.80 
16.91 ,70.53 
16.80 ,137.40 
16.67 ,-163.15 
16.22 ,25.02 
16.20 ,13.40 
14.18 ,12.54 
13.64 ,-1.34 
12.80 ,-118.61 
12.44 ,-2.21 
11.87 ,22.90 
11.79 ,51.19 
11.73 ,19.43 
11.60 ,-0.80 
11.50 ,-38.45 
11.10 ,56.30 
10.48 ,-21.75 
10.18 ,-38.76 
10.02 ,-16.80 
9.92 ,1.70 
9.60 ,-13.20 
9.57 ,49.26 
9.38 ,-16.45 
9.23 ,-11.60 
8.70 ,-8.10 
8.43 ,3.16 
8.37 ,28.58 
8.12 ,-4.51 
7.74 ,179.61 
7.42 ,2.78 
6.63 ,9.05 
6.23 ,-65.84 
6.13 ,-48.46 
5.91 ,-26.66 
5.60 ,8.86 
5.36 ,-1.58 
4.50 ,8.00 
4.33 ,-2.42 
4.06 ,1.61 
4.00 ,-3.30 
3.99 ,97.03 
3.85 ,-1.97 
3.56 ,-26.98 
3.30 ,27.90 
2.72 ,-19.20 
2.41 ,4.15 
2.18 ,-158.55 
2.16 ,19.51 
1.98 ,8.18 
1.90 ,-14.40 
1.74 ,-11.18 
1.60 ,153.83 
1.28 ,-43.18 
0.66 ,-14.26 
0.15 ,19.34 
-0.90 ,20.88 
-0.90 ,-12.96 
-1.14 ,4.73 
-1.28 ,-120.13 
-1.86 ,54.84 
-1.93 ,15.04 
-2.44 ,-39.41 
-2.44 ,-10.03 
-2.77 ,227.25 
-3.95 ,-17.21 
-4.74 ,-17.02 
-4.96 ,-14.50 
-5.12 ,-27.01 
-5.13 ,-51.24 
-5.34 ,-9.26 
-5.80 ,-60.40 
-5.87 ,-3.60 
-5.96 ,53.22 
-6.06 ,-20.95 
-6.28 ,-6.24 
-6.35 ,-14.78 
-6.47 ,-20.69 
-7.20 ,19.20 
-7.50 ,12.69 
-7.66 ,-130.66 
-8.37 ,0.05 
-9.00 ,54.90 
-9.10 ,67.30 
-9.51 ,36.81 
-9.66 ,-21.91 
-9.71 ,-8.69 
-9.73 ,79.17 
-9.74 ,-13.99 
-10.02 ,-38.42 
-10.14 ,12.41 
-10.35 ,-25.04 
-10.60 ,-25.40 
-10.65 ,-0.48 
-10.65 ,-20.76 
-11.00 ,-56.86 
-11.18 ,6.67 
-11.20 ,-6.70 
-11.32 ,-14.18 
-11.49 ,-13.39 
-11.61 ,-24.91 
-11.82 ,-34.46 
-11.82 ,4.87 
-11.94 ,10.73 
-12.00 ,9.30 
-12.34 ,46.62 
-12.42 ,-1.18 
-12.66 ,-42.91 
-12.90 ,19.70 
-13.08 ,-62.92 
-13.21 ,143.30 
-13.29 ,-5.64 
-13.29 ,-49.70 
-13.30 ,-17.31 
-13.67 ,-19.90 
-13.77 ,6.84 
-13.90 ,4.90 
-14.08 ,-9.12 
-14.18 ,36.84 
-14.22 ,-32.16 
-14.25 ,11.57 
-14.80 ,196.80 
-14.84 ,-25.66 
-15.40 ,-1.50 
-15.63 ,80.78 
-15.69 ,2.35 
-15.76 ,-16.85 
-15.81 ,7.92 
-15.90 ,33.40 
-15.90 ,82.30 
-15.90 ,31.00 
-15.93 ,9.36 
-15.94 ,94.17 
-16.00 ,128.50 
-16.10 ,-11.70 
-16.26 ,-26.23 
-16.41 ,45.82 
-16.64 ,20.49 
-16.74 ,-39.46 
-16.84 ,-8.81 
-16.88 ,1.96 
-17.01 ,-15.94 
-17.03 ,-29.54 
-17.31 ,28.55 
-17.37 ,7.90 
-17.40 ,106.10 
-17.73 ,-24.55 
-17.80 ,14.90 
-17.87 ,19.39 
-17.87 ,-54.98 
-17.94 ,-19.80 
-18.16 ,-9.00 
-18.20 ,-71.14 
-18.26 ,1.63 
-18.33 ,-145.42 
-18.34 ,-36.58 
-18.56 ,42.06 
-18.62 ,23.90 
-18.90 ,51.80 
-19.02 ,-35.14 
-19.06 ,-19.62 
-19.14 ,-16.32 
-19.26 ,23.02 
-19.41 ,-31.42 
-19.46 ,-33.31 
-19.76 ,-156.75 
-19.89 ,-38.18 
-20.06 ,8.04 
-20.10 ,-9.77 
-20.13 ,3.89 
-20.40 ,43.80 
-20.41 ,70.48 
-20.46 ,40.60 
-20.46 ,41.83 
-20.52 ,85.28 
-20.56 ,-19.34 
-20.77 ,-15.35 
-20.80 ,-1.61 
-20.85 ,-16.54 
-20.90 ,-18.20 
-20.92 ,-31.68 
-20.98 ,207.42 
-20.98 ,94.72 
-21.00 ,24.10 
-21.10 ,17.80 
-21.10 ,-93.80 
-21.23 ,-12.96 
-21.28 ,-16.56 
-21.40 ,34.40 
-21.54 ,14.59 
-21.56 ,107.58 
-21.68 ,138.57 
-21.69 ,4.61 
-21.70 ,-19.50 
-21.78 ,-58.45 
-22.14 ,52.05 
-22.26 ,-7.15 
-22.36 ,25.50 
-22.38 ,-9.38 
-22.40 ,-13.20 
-22.52 ,-70.26 
-22.58 ,24.82 
-22.65 ,-16.42 
-22.69 ,-156.58 
-22.84 ,5.83 
-22.90 ,3.30 
-22.98 ,-38.50 
-23.10 ,-135.38 
-23.18 ,34.08 
-23.30 ,109.10 
-23.35 ,39.37 
-23.54 ,7.80 
-23.56 ,13.56 
-23.75 ,-13.25 
-23.80 ,18.94 
-23.85 ,12.60 
-23.92 ,-40.06 
-24.00 ,1.00 
-24.01 ,-7.13 
-24.02 ,-11.76 
-24.21 ,-41.38 
-24.30 ,-57.00 
-24.35 ,-21.17 
-24.38 ,-16.80 
-24.39 ,40.77 
-24.46 ,94.07 
-24.62 ,27.41 
-24.70 ,-53.10 
-24.77 ,13.49 
-24.80 ,-84.40 
-24.96 ,6.34 
-25.00 ,-61.90 
-25.09 ,70.38 
-25.14 ,99.88 
-25.19 ,14.74 
-25.34 ,-26.30 
-25.38 ,15.41 
-25.41 ,-38.83 
-25.41 ,-38.83 
-25.50 ,99.16 
-25.58 ,-36.38 
-25.62 ,-27.46 
-25.67 ,-55.87 
-25.86 ,-129.37 
-25.98 ,-18.10 
-26.06 ,14.98 
-26.20 ,40.30 
-26.20 ,-165.90 
-26.34 ,-15.19 
-26.61 ,9.94 
-26.76 ,-24.80 
-26.85 ,-29.40 
-26.85 ,11.14 
-26.90 ,-4.92 
-26.92 ,104.03 
-27.02 ,35.62 
-27.06 ,-21.31 
-27.11 ,-38.14 
-27.18 ,-11.38 
-27.32 ,-194.00 
-27.34 ,58.05 
-27.50 ,10.94 
-27.78 ,174.93 
-27.98 ,-12.55 
-28.29 ,-39.17 
-28.34 ,-20.38 
-28.38 ,-14.16 
-28.60 ,-16.01 
-28.74 ,-31.99 
-28.79 ,-61.49 
-28.88 ,41.03 
-28.90 ,74.20 
-29.10 ,-26.30 
-29.17 ,168.02 
-29.19 ,4.41 
-29.26 ,42.59 
-29.37 ,-2.26 
-29.65 ,-17.62 
-29.66 ,-19.06 
-29.78 ,-12.65 
-29.82 ,-24.34 
-30.09 ,-11.66 
-30.14 ,-3.19 
-30.23 ,-59.50 
-30.30 ,-8.50 
-30.38 ,-35.06 
-30.45 ,-12.79 
-30.54 ,-51.29 
-30.62 ,-9.50 
-30.70 ,11.80 
-30.81 ,-17.16 
-30.95 ,-27.19 
-30.98 ,29.83 
-31.04 ,-76.33 
-31.05 ,-25.73 
-31.32 ,-129.57 
-31.40 ,107.60 
-31.57 ,-88.90 
-31.58 ,-25.78 
-31.60 ,-14.20 
-31.67 ,4.39 
-31.77 ,-14.95 
-31.78 ,218.58 
-31.91 ,-19.63 
-31.99 ,70.46 
-32.00 ,53.47 
-32.01 ,23.35 
-32.08 ,-23.54 
-32.10 ,6.55 
-32.13 ,2.33 
-32.40 ,-25.90 
-32.73 ,-4.99 
-32.75 ,-18.12 
-32.87 ,-36.58 
-32.92 ,11.30 
-32.99 ,-8.38 
-33.04 ,27.94 
-33.19 ,198.58 
-33.30 ,40.78 
-33.38 ,-120.48 
-33.42 ,-18.79 
-33.47 ,-108.18 
-33.47 ,-13.75 
-33.50 ,-12.40 
-33.80 ,25.50 
-33.81 ,-15.29 
-33.90 ,-90.10 
-34.05 ,10.32 
-34.07 ,24.22 
-34.11 ,-47.64 
-34.20 ,-10.90 
-34.22 ,-7.25 
-34.24 ,-19.42 
-34.29 ,-39.38 
-34.36 ,-4.97 
-34.38 ,-74.17 
-34.41 ,11.57 
-34.55 ,-32.78 
-34.60 ,23.83 
-34.62 ,-6.24 
-34.78 ,188.01 
-34.80 ,44.10 
-34.84 ,8.76 
-34.84 ,8.76 
-34.94 ,-42.91 
-35.08 ,13.18 
-35.10 ,61.90 
-35.22 ,-31.32 
-35.29 ,120.40 
-35.44 ,-34.63 
-35.46 ,-98.55 
-35.49 ,-8.30 
-35.49 ,-25.94 
-35.50 ,-54.20 
-35.51 ,27.48 
-35.70 ,-86.90 
-35.70 ,-14.93 
-35.82 ,18.48 
-35.86 ,33.18 
-35.94 ,10.18 
-35.97 ,-17.14 
-36.00 ,-42.50 
-36.06 ,-54.97 
-36.06 ,76.14 
-36.15 ,-91.52 
-36.16 ,18.26 
-36.16 ,-26.95 
-36.20 ,38.90 
-36.27 ,148.46 
-36.32 ,-23.86 
-36.33 ,-33.36 
-36.40 ,-33.60 
-36.45 ,-50.76 
-36.59 ,134.32 
-36.66 ,20.26 
-36.67 ,98.03 
-36.68 ,112.20 
-36.81 ,38.66 
-36.81 ,-31.03 
-36.83 ,-39.05 
-36.87 ,90.81 
-36.88 ,28.13 
-36.98 ,18.17 
-37.05 ,-29.14 
-37.10 ,-9.96 
-37.26 ,17.26 
-37.38 ,-42.17 
-37.40 ,52.70 
-37.40 ,-57.30 
-37.41 ,-10.85 
-37.46 ,-44.45 
-37.50 ,16.87 
-37.53 ,25.25 
-37.53 ,5.14 
-37.62 ,-11.86 
-37.79 ,-46.63 
-37.80 ,33.70 
-37.82 ,-36.29 
-37.83 ,63.30 
-37.95 ,-18.97 
-37.96 ,-9.24 
-38.00 ,-11.80 
-38.00 ,-19.90 
-38.00 ,14.90 
-38.03 ,9.00 
-38.10 ,-10.80 
-38.27 ,18.17 
-38.49 ,-15.02 
-38.49 ,-28.20 
-38.70 ,35.00 
-38.78 ,-20.06 
-38.80 ,-32.74 
-38.92 ,2.09 
-39.00 ,-56.00 
-39.06 ,109.55 
-39.08 ,-117.30 
-39.20 ,19.79 
-39.23 ,4.90 
-39.46 ,11.85 
-39.52 ,-14.18 
-39.56 ,98.94 
-39.66 ,84.57 
-39.74 ,-17.69 
-39.81 ,52.19 
-39.86 ,46.65 
-39.87 ,-105.49 
-39.90 ,-52.18 
-39.95 ,2.50 
-40.10 ,-5.23 
-40.28 ,-213.30 
-40.31 ,15.82 
-40.40 ,-16.52 
-40.52 ,-22.11 
-40.62 ,-12.00 
-40.70 ,19.50 
-40.83 ,-125.91 
-41.10 ,-39.50 
-41.12 ,125.90 
-41.15 ,-23.16 
-41.20 ,-60.90 
-41.20 ,18.80 
-41.30 ,36.24 
-41.46 ,-18.54 
-41.46 ,13.97 
-41.54 ,26.86 
-41.62 ,-41.70 
-41.84 ,-95.70 
-41.97 ,-19.68 
-42.02 ,-14.57 
-42.21 ,24.07 
-42.40 ,10.92 
-42.40 ,-60.90 
-42.51 ,-71.41 
-42.60 ,-42.30 
-42.61 ,17.82 
-42.70 ,-16.80 
-42.74 ,-18.07 
-42.74 ,-48.31 
-42.77 ,-175.75 
-42.80 ,-20.20 
-42.87 ,63.38 
-43.07 ,7.08 
-43.19 ,-35.81 
-43.30 ,-19.90 
-43.41 ,41.42 
-43.82 ,-42.48 
-43.82 ,-25.94 
-43.91 ,-9.89 
-43.97 ,-146.72 
-43.98 ,266.73 
-44.03 ,-7.44 
-44.06 ,58.27 
-44.15 ,-33.55 
-44.25 ,-6.55 
-44.37 ,-35.54 
-44.60 ,-6.90 
-44.67 ,54.11 
-44.73 ,-10.01 
-44.94 ,108.28 
-44.98 ,-81.60 
-44.99 ,-10.27 
-45.00 ,-87.30 
-45.13 ,-26.74 
-45.18 ,116.44 
-45.21 ,176.17 
-45.22 ,17.15 
-45.22 ,7.29 
-45.23 ,37.61 
-45.27 ,39.21 
-45.75 ,-8.84 
-45.76 ,9.82 
-45.78 ,-24.98 
-45.88 ,28.92 
-46.00 ,-24.58 
-46.00 ,11.38 
-46.04 ,-18.78 
-46.05 ,-11.02 
-46.11 ,-21.97 
-46.20 ,-58.10 
-46.38 ,153.88 
-46.51 ,-135.42 
-46.57 ,122.03 
-46.58 ,-26.83 
-46.60 ,-8.20 
-46.65 ,-50.11 
-46.65 ,-7.32 
-46.76 ,66.83 
-46.90 ,35.50 
-46.91 ,8.71 
-47.05 ,-32.48 
-47.06 ,29.16 
-47.10 ,-13.22 
-47.13 ,138.19 
-47.15 ,8.86 
-47.29 ,40.19 
-47.50 ,46.65 
-47.54 ,25.20 
-47.58 ,144.95 
-47.77 ,9.59 
-47.77 ,-26.31 
-47.82 ,-41.45 
-47.82 ,-41.78 
-48.00 ,-83.70 
-48.14 ,23.86 
-48.16 ,-57.84 
-48.35 ,-13.56 
-48.35 ,18.62 
-48.35 ,-13.73 
-48.37 ,46.46 
-48.38 ,-1.64 
-48.40 ,-15.30 
-48.63 ,-69.99 
-48.66 ,25.22 
-48.95 ,-38.83 
-48.98 ,-15.43 
-49.10 ,16.58 
-49.20 ,170.30 
-49.29 ,168.72 
-49.40 ,70.00 
-49.52 ,27.83 
-49.60 ,50.20 
-49.69 ,23.97 
-49.79 ,-18.24 
-49.86 ,24.41 
-50.10 ,-45.30 
-50.10 ,63.70 
-50.24 ,76.84 
-50.24 ,74.73 
-50.25 ,78.07 
-50.25 ,115.16 
-50.30 ,-62.70 
-50.30 ,39.60 
-50.40 ,-69.20 
-50.55 ,138.24 
-50.61 ,5.11 
-50.70 ,-13.06 
-50.72 ,-0.37 
-50.78 ,-10.61 
-50.80 ,73.70 
-51.11 ,-8.64 
-51.50 ,-20.40 
-51.57 ,-6.00 
-51.57 ,5.14 
-51.60 ,34.60 
-51.66 ,0.50 
-51.74 ,-7.51 
-51.93 ,22.61 
-51.95 ,-11.42 
-52.06 ,154.10 
-52.10 ,-4.30 
-52.12 ,6.74 
-52.14 ,166.00 
-52.30 ,25.14 
-52.53 ,-23.04 
-52.60 ,-5.35 
-52.70 ,-29.60 
-52.72 ,21.19 
-52.74 ,-21.60 
-52.74 ,-9.55 
-52.90 ,60.42 
-52.90 ,102.52 
-53.00 ,-61.40 
-53.08 ,33.89 
-53.13 ,13.97 
-53.17 ,-63.39 
-53.17 ,145.89 
-53.20 ,54.40 
-53.27 ,41.50 
-53.39 ,-27.22 
-53.43 ,114.90 
-53.58 ,-13.34 
-53.62 ,21.28 
-53.75 ,-51.72 
-53.80 ,-66.30 
-53.82 ,10.87 
-53.87 ,9.67 
-53.87 ,-2.64 
-54.06 ,20.66 
-54.18 ,-12.10 
-54.20 ,6.90 
-54.35 ,-9.58 
-54.35 ,-7.66 
-54.42 ,13.66 
-54.60 ,42.40 
-54.66 ,-12.70 
-54.81 ,14.81 
-54.88 ,11.54 
-54.98 ,-32.30 
-55.00 ,42.91 
-55.12 ,18.89 
-55.19 ,-19.75 
-55.20 ,58.50 
-55.23 ,93.28 
-55.26 ,-39.61 
-55.26 ,-32.83 
-55.28 ,-26.26 
-55.41 ,12.05 
-55.52 ,79.02 
-55.65 ,-22.66 
-55.67 ,11.35 
-55.76 ,-169.69 
-55.84 ,11.62 
-55.91 ,-30.26 
-55.94 ,2.76 
-56.18 ,-10.85 
-56.18 ,-21.19 
-56.25 ,-18.82 
-56.40 ,5.90 
-56.49 ,31.94 
-56.61 ,17.69 
-56.61 ,-23.88 
-56.68 ,-3.14 
-56.90 ,-4.01 
-56.94 ,-28.99 
-56.97 ,-5.28 
-56.99 ,-22.25 
-57.00 ,-37.90 
-57.04 ,96.69 
-57.11 ,-7.32 
-57.16 ,-40.70 
-57.33 ,-27.72 
-57.38 ,-31.99 
-57.50 ,-24.53 
-57.52 ,8.59 
-57.59 ,-45.41 
-57.70 ,98.20 
-57.76 ,15.70 
-57.84 ,-10.53 
-57.92 ,61.19 
-58.09 ,-49.09 
-58.10 ,9.67 
-58.10 ,-30.70 
-58.13 ,-61.71 
-58.14 ,12.82 
-58.29 ,30.91 
-58.31 ,-1.51 
-58.45 ,123.83 
-58.48 ,-42.26 
-58.48 ,-3.17 
-58.50 ,-2.65 
-58.50 ,23.69 
-58.55 ,-67.49 
-58.65 ,-6.31 
-58.80 ,-10.00 
-58.89 ,-35.74 
-58.94 ,-12.82 
-59.01 ,-6.00 
-59.03 ,1.90 
-59.10 ,213.40 
-59.10 ,-6.72 
-59.13 ,-23.35 
-59.13 ,86.53 
-59.20 ,-45.60 
-59.20 ,-12.20 
-59.25 ,-6.14 
-59.55 ,107.54 
-59.56 ,6.84 
-59.60 ,-22.10 
-59.61 ,-15.72 
-59.63 ,-9.19 
-59.90 ,-5.90 
-59.90 ,43.00 
-59.94 ,-27.12 
-60.14 ,0.34 
-60.22 ,33.45 
-60.23 ,-15.05 
-60.26 ,-27.10 
-60.35 ,-19.70 
-60.35 ,3.22 
-60.40 ,-4.20 
-60.45 ,-12.94 
-60.77 ,42.75 
-60.80 ,-77.50 
-60.85 ,132.18 
-60.90 ,-36.70 
-61.09 ,69.06 
-61.22 ,-3.43 
-61.29 ,-32.76 
-61.30 ,20.90 
-61.34 ,-7.80 
-61.40 ,15.18 
-61.41 ,-37.58 
-61.43 ,18.58 
-61.43 ,-39.31 
-61.52 ,42.11 
-61.62 ,42.16 
-61.70 ,16.90 
-61.70 ,-11.50 
-61.77 ,17.23 
-61.85 ,26.46 
-61.98 ,-39.67 
-62.00 ,-68.17 
-62.04 ,36.39 
-62.10 ,-28.70 
-62.10 ,16.70 
-62.13 ,-28.34 
-62.18 ,20.71 
-62.30 ,18.05 
-62.30 ,12.43 
-62.30 ,63.30 
-62.36 ,92.70 
-62.38 ,-107.26 
-62.42 ,-62.04 
-62.60 ,13.90 
-62.60 ,-50.00 
-62.68 ,39.74 
-62.68 ,20.90 
-62.72 ,82.70 
-62.82 ,-38.26 
-62.85 ,18.50 
-62.87 ,36.48 
-62.90 ,118.40 
-63.00 ,22.30 
-63.06 ,-14.74 
-63.09 ,-11.04 
-63.18 ,-18.14 
-63.22 ,-17.53 
-63.39 ,-40.11 
-63.39 ,155.92 
-63.42 ,-17.71 
-63.45 ,23.83 
-63.63 ,73.48 
-63.69 ,-17.81 
-63.78 ,49.70 
-63.80 ,-66.60 
-63.88 ,10.27 
-63.88 ,6.17 
-64.00 ,2.62 
-64.00 ,13.80 
-64.14 ,23.06 
-64.20 ,-33.10 
-64.57 ,-130.30 
-64.64 ,-20.31 
-64.74 ,-22.32 
-64.79 ,13.99 
-64.83 ,67.60 
-64.90 ,11.99 
-64.95 ,85.62 
-64.98 ,96.16 
-65.10 ,56.92 
-65.15 ,-4.30 
-65.42 ,-18.07 
-65.44 ,-21.89 
-65.44 ,-20.16 
-65.48 ,-13.54 
-65.60 ,103.40 
-65.70 ,25.50 
-65.80 ,-12.40 
-66.00 ,-88.50 
-66.16 ,31.20 
-66.37 ,145.96 
-66.42 ,45.50 
-66.45 ,-22.06 
-66.57 ,-35.11 
-66.74 ,11.40 
-66.80 ,0.50 
-66.90 ,-11.11 
-67.05 ,-26.14 
-67.14 ,-36.46 
-67.22 ,-10.32 
-67.28 ,46.19 
-67.40 ,-32.60 
-67.47 ,-12.80 
-67.48 ,24.86 
-67.48 ,-22.63 
-67.50 ,115.80 
-67.50 ,-49.37 
-67.60 ,-61.30 
-67.77 ,5.09 
-67.86 ,-42.58 
-68.01 ,9.38 
-68.06 ,13.54 
-68.06 ,13.54 
-68.10 ,13.66 
-68.13 ,12.58 
-68.14 ,149.51 
-68.15 ,5.78 
-68.32 ,-23.33 
-68.37 ,16.44 
-68.41 ,-13.98 
-68.41 ,27.57 
-68.60 ,56.30 
-68.70 ,23.56 
-68.70 ,96.60 
-68.78 ,14.98 
-68.80 ,29.14 
-68.80 ,14.57 
-68.96 ,64.65 
-69.06 ,-18.70 
-69.08 ,132.57 
-69.30 ,50.20 
-69.50 ,22.20 
-69.64 ,-7.46 
-69.69 ,14.09 
-69.70 ,11.50 
-69.84 ,47.97 
-69.86 ,-26.30 
-69.90 ,66.33 
-69.90 ,-21.90 
-70.00 ,85.40 
-70.10 ,-20.47 
-70.11 ,-16.38 
-70.29 ,-19.39 
-70.36 ,14.54 
-70.55 ,-32.52 
-70.62 ,-23.16 
-70.67 ,-10.75 
-70.89 ,-20.74 
-70.94 ,-15.82 
-70.98 ,-20.69 
-71.17 ,60.40 
-71.19 ,20.49 
-71.19 ,-121.82 
-71.38 ,87.81 
-71.41 ,157.70 
-71.54 ,-38.54 
-71.56 ,-10.85 
-71.60 ,-92.96 
-71.63 ,-10.30 
-71.63 ,-50.21 
-71.65 ,50.00 
-71.68 ,-13.80 
-71.74 ,29.13 
-71.96 ,113.03 
-72.27 ,69.86 
-72.50 ,-10.10 
-72.54 ,174.59 
-72.64 ,-22.18 
-72.66 ,7.91 
-72.86 ,-32.54 
-73.16 ,-12.82 
-73.28 ,79.34 
-73.38 ,-43.70 
-73.71 ,-7.06 
-73.96 ,-75.62 
-74.02 ,7.65 
-74.10 ,210.76 
-74.10 ,-18.99 
-74.17 ,-51.51 
-74.20 ,-15.98 
-74.42 ,-8.95 
-74.51 ,38.18 
-74.60 ,-10.70 
-74.60 ,63.80 
-74.77 ,160.34 
-74.89 ,84.34 
-74.91 ,197.51 
-74.94 ,14.22 
-74.94 ,-6.74 
-74.96 ,30.38 
-74.97 ,-17.69 
-75.03 ,-19.33 
-75.10 ,-24.00 
-75.14 ,-17.09 
-75.28 ,-14.69 
-75.37 ,17.06 
-75.39 ,34.05 
-75.42 ,26.30 
-75.45 ,-33.50 
-75.51 ,63.21 
-75.54 ,138.28 
-75.55 ,157.95 
-75.58 ,106.38 
-75.59 ,-43.51 
-75.70 ,35.90 
-75.70 ,75.00 
-75.81 ,-49.44 
-76.07 ,-3.48 
-76.08 ,63.12 
-76.50 ,-69.68 
-76.55 ,-27.02 
-76.66 ,57.11 
-76.70 ,-36.05 
-76.84 ,17.30 
-76.90 ,49.26 
-77.22 ,40.90 
-77.29 ,15.42 
-77.32 ,-4.54 
-77.50 ,-10.00 
-77.53 ,-9.70 
-77.66 ,-12.65 
-77.99 ,-79.06 
-77.99 ,-7.42 
-78.00 ,-51.40 
-78.02 ,-166.02 
-78.04 ,10.49 
-78.18 ,-47.65 
-78.20 ,205.26 
-78.30 ,-29.62 
-78.40 ,-109.07 
-78.60 ,-14.70 
-78.69 ,-33.89 
-78.73 ,19.98 
-78.78 ,-15.84 
-78.81 ,-60.02 
-78.81 ,-71.93 
-78.92 ,33.81 
-79.00 ,57.30 
-79.01 ,-117.07 
-79.14 ,75.40 
-79.17 ,5.59 
-79.38 ,16.13 
-80.08 ,8.64 
-80.38 ,66.40 
-80.46 ,23.01 
-80.74 ,50.68 
-81.18 ,8.02 
-81.23 ,-32.42 
-81.33 ,14.83 
-81.42 ,-14.38 
-81.50 ,46.75 
-81.50 ,108.80 
-81.57 ,-54.89 
-81.74 ,-17.57 
-81.85 ,53.44 
-82.55 ,-21.86 
-82.83 ,48.93 
-82.86 ,-41.95 
-83.02 ,74.66 
-83.10 ,33.70 
-83.10 ,30.30 
-83.14 ,91.72 
-83.60 ,196.58 
-83.70 ,-137.60 
-83.94 ,-10.73 
-84.04 ,-55.97 
-84.04 ,-34.25 
-84.16 ,-16.92 
-84.40 ,-52.39 
-84.44 ,45.30 
-84.50 ,11.83 
-84.64 ,-20.42 
-84.90 ,15.50 
-84.90 ,4.66 
-84.95 ,-57.87 
-85.10 ,-27.20 
-85.19 ,-15.65 
-85.78 ,-80.53 
-85.86 ,-19.34 
-86.03 ,-24.62 
-86.10 ,-121.50 
-86.17 ,-6.87 
-86.19 ,-56.77 
-86.40 ,35.20 
-86.73 ,-22.82 
-86.96 ,91.58 
-87.06 ,0.82 
-87.52 ,-13.18 
-87.59 ,-7.39 
-87.70 ,27.70 
-87.86 ,-12.60 
-87.87 ,98.51 
-87.95 ,-148.20 
-88.06 ,124.07 
-88.46 ,-58.63 
-88.55 ,-48.46 
-88.55 ,-26.35 
-88.71 ,163.02 
-88.74 ,-10.73 
-88.78 ,30.30 
-89.00 ,-17.12 
-89.06 ,-9.55 
-89.12 ,-16.88 
-89.18 ,-168.53 
-89.22 ,-24.41 
-89.34 ,-62.50 
-89.38 ,158.13 
-89.51 ,-49.87 
-89.73 ,-8.95 
-89.84 ,26.30 
-89.90 ,71.50 
-90.20 ,-38.46 
-90.28 ,-70.22 
-90.54 ,-24.29 
-90.83 ,-18.86 
-90.87 ,-114.82 
-90.88 ,-115.51 
-90.94 ,97.94 
-91.05 ,-49.14 
-91.16 ,-51.03 
-91.22 ,58.79 
-91.26 ,-16.66 
-91.26 ,-15.55 
-91.53 ,33.77 
-91.60 ,-11.60 
-91.65 ,-25.03 
-91.77 ,-40.94 
-91.86 ,-82.59 
-92.00 ,88.91 
-92.15 ,-29.93 
-92.58 ,62.99 
-92.61 ,-17.83 
-92.72 ,-127.78 
-92.82 ,90.64 
-92.92 ,18.29 
-92.94 ,-226.21 
-93.04 ,-24.86 
-93.15 ,-118.38 
-93.35 ,19.34 
-93.47 ,129.21 
-93.68 ,54.81 
-93.73 ,-144.92 
-93.78 ,71.49 
-93.87 ,-50.29 
-94.00 ,-94.86 
-94.33 ,30.64 
-94.38 ,-36.79 
-94.55 ,-20.47 
-95.10 ,145.12 
-95.80 ,26.42 
-95.91 ,11.30 
-95.94 ,20.18 
-96.01 ,36.26 
-96.04 ,9.91 
-96.08 ,-101.70 
-96.22 ,69.90 
-96.30 ,-78.30 
-96.61 ,32.51 
-96.78 ,-30.82 
-96.98 ,-22.49 
-97.09 ,127.24 
-97.41 ,-28.90 
-97.53 ,-182.85 
-97.89 ,-11.23 
-97.95 ,10.48 
-98.07 ,50.70 
-98.10 ,-64.60 
-98.18 ,-37.06 
-98.24 ,17.48 
-98.25 ,-21.42 
-98.62 ,-19.18 
-98.82 ,116.42 
-98.91 ,39.59 
-99.06 ,103.31 
-99.18 ,59.20 
-99.29 ,146.22 
-99.30 ,68.50 
-99.44 ,-37.62 
-99.49 ,15.52 
-99.81 ,192.40 
-99.99 ,29.13 
-100.17 ,-137.49 
-100.50 ,-40.82 
-100.59 ,35.92 
-100.62 ,-10.20 
-100.93 ,52.34 
-101.13 ,-30.86 
-101.18 ,-28.06 
-102.32 ,62.61 
-102.56 ,73.36 
-102.60 ,53.20 
-102.61 ,91.70 
-102.87 ,-186.13 
-103.38 ,-28.37 
-103.53 ,-57.82 
-103.57 ,232.31 
-103.81 ,142.41 
-103.86 ,-54.29 
-104.53 ,71.22 
-104.74 ,58.23 
-104.79 ,-17.22 
-104.94 ,-55.44 
-104.98 ,147.88 
-105.14 ,-20.26 
-105.40 ,-30.12 
-105.44 ,211.05 
-105.49 ,-16.11 
-105.65 ,-73.92 
-105.79 ,60.74 
-106.16 ,170.61 
-106.83 ,28.38 
-107.34 ,11.76 
-107.41 ,-62.77 
-107.79 ,-8.31 
-108.06 ,-8.02 
-108.11 ,43.73 
-108.13 ,38.82 
-108.58 ,-17.72 
-108.69 ,13.73 
-108.85 ,-59.34 
-109.10 ,178.30 
-109.23 ,78.40 
-109.83 ,70.22 
-110.20 ,67.80 
-110.30 ,-33.89 
-110.86 ,107.27 
-111.31 ,52.65 
-111.66 ,-82.73 
-112.11 ,54.69 
-112.18 ,55.86 
-112.47 ,-8.98 
-113.36 ,34.24 
-113.46 ,-87.94 
-113.72 ,83.42 
-114.63 ,52.31 
-114.70 ,55.72 
-114.90 ,-27.96 
-115.23 ,72.62 
-115.26 ,67.86 
-115.62 ,25.74 
-115.86 ,85.19 
-115.95 ,195.00 
-115.97 ,129.17 
-116.49 ,52.13 
-116.49 ,146.30 
-116.50 ,94.36 
-116.70 ,56.78 
-116.97 ,21.93 
-117.15 ,33.81 
-117.29 ,94.16 
-117.54 ,-11.36 
-117.76 ,-10.99 
-118.11 ,-38.89 
-118.42 ,-150.73 
-119.05 ,-31.54 
-119.82 ,-97.83 
-119.90 ,55.30 
-120.51 ,125.29 
-121.02 ,62.10 
-122.12 ,-24.85 
-122.47 ,-53.49 
-122.60 ,-13.52 
-122.63 ,46.29 
-122.67 ,63.06 
-123.01 ,-37.28 
-123.44 ,-153.99 
-123.76 ,178.74 
-124.81 ,52.26 
-125.26 ,92.68 
-125.36 ,-153.39 
-125.74 ,112.14 
-125.89 ,46.67 
-126.30 ,-112.33 
-126.34 ,-14.10 
-126.39 ,-31.48 
-126.84 ,74.21 
-126.90 ,-37.36 
-126.92 ,-28.52 
-126.97 ,10.14 
-127.04 ,-63.10 
-127.30 ,194.00 
-127.38 ,-128.76 
-127.72 ,-21.50 
-128.69 ,48.59 
-128.75 ,-78.04 
-129.06 ,-18.14 
-129.08 ,10.37 
-129.25 ,-70.05 
-129.31 ,-71.47 
-129.82 ,-83.36 
-130.11 ,159.91 
-130.71 ,136.79 
-130.74 ,83.80 
-131.17 ,163.34 
-131.29 ,90.69 
-131.45 ,5.91 
-131.55 ,73.94 
-131.94 ,99.02 
-132.00 ,-97.20 
-132.90 ,199.22 
-133.00 ,-9.31 
-133.00 ,50.70 
-134.31 ,46.77 
-134.42 ,-95.45 
-134.45 ,169.02 
-135.27 ,-24.68 
-135.37 ,81.76 
-135.80 ,214.62 
-135.90 ,60.86 
-135.90 ,-122.79 
-135.97 ,173.49 
-136.36 ,54.86 
-136.47 ,161.42 
-136.48 ,14.04 
-137.24 ,11.85 
-137.29 ,193.36 
-137.51 ,-46.63 
-137.94 ,69.02 
-138.63 ,-2.53 
-138.88 ,-150.42 
-139.17 ,52.87 
-139.98 ,58.98 
-140.62 ,146.54 
-141.36 ,96.67 
-141.44 ,52.44 
-141.49 ,75.66 
-142.02 ,-64.00 
-142.50 ,-134.52 
-142.52 ,10.26 
-142.78 ,18.86 
-142.81 ,57.35 
-142.83 ,42.95 
-143.05 ,57.41 
-144.06 ,-110.17 
-144.30 ,93.54 
-144.49 ,77.30 
-144.88 ,-26.50 
-145.33 ,-66.30 
-146.16 ,-58.79 
-146.67 ,138.16 
-146.87 ,-8.81 
-146.97 ,-44.62 
-147.68 ,83.80 
-147.92 ,149.94 
-148.17 ,-13.76 
-149.05 ,69.52 
-149.65 ,44.08 
-149.94 ,26.18 
-150.46 ,73.34 
-151.64 ,-143.46 
-152.04 ,-1.18 
-152.65 ,-76.42 
-153.18 ,22.22 
-153.37 ,148.58 
-154.06 ,36.00 
-154.14 ,160.01 
-155.11 ,-83.80 
-156.13 ,106.50 
-156.54 ,-103.55 
-156.56 ,76.86 
-156.57 ,114.04 
-156.78 ,30.00 
-157.18 ,112.17 
-157.90 ,-30.92 
-158.16 ,15.69 
-158.33 ,-85.74 
-158.43 ,8.25 
-158.68 ,-60.84 
-158.84 ,102.66 
-159.74 ,-85.54 
-161.22 ,95.58 
-161.77 ,204.62 
-161.91 ,35.61 
-162.14 ,-88.99 
-163.17 ,-147.73 
-163.22 ,-28.75 
-164.26 ,-166.38 
-164.67 ,59.61 
-165.42 ,274.19 
-166.35 ,43.98 
-167.52 ,104.00 
-167.53 ,60.04 
-167.95 ,183.45 
-168.04 ,-117.22 
-168.31 ,-47.34 
-168.50 ,90.73 
-168.90 ,138.90 
-170.12 ,-37.93 
-170.28 ,-173.97 
-170.53 ,95.95 
-171.99 ,56.41 
-172.19 ,-50.74 
-172.20 ,179.71 
-172.26 ,101.78 
-173.19 ,160.51 
-174.30 ,14.42 
-174.59 ,186.50 
-174.69 ,-63.19 
-175.14 ,34.69 
-176.00 ,188.20 
-176.52 ,-113.79 
-177.22 ,150.56 
-177.97 ,192.09 
-178.54 ,162.79 
-178.62 ,70.00 
-179.41 ,72.25 
-180.03 ,157.74 
-180.08 ,68.58 
-180.71 ,-115.22 
-181.33 ,-46.11 
-183.05 ,-96.76 
-183.20 ,70.67 
-183.57 ,10.27 
-183.97 ,84.76 
-184.38 ,53.42 
-185.09 ,-179.68 
-185.22 ,107.14 
-185.30 ,113.80 
-185.79 ,-88.49 
-185.84 ,-38.00 
-186.25 ,72.27 
-186.60 ,-54.40 
-186.62 ,-101.34 
-186.85 ,16.23 
-187.93 ,-7.10 
-188.36 ,61.30 
-189.97 ,190.49 
-190.02 ,107.87 
-191.48 ,-57.25 
-191.55 ,5.18 
-192.27 ,-47.03 
-192.35 ,51.96 
-194.54 ,-20.32 
-195.37 ,107.37 
-196.21 ,-121.90 
-196.28 ,174.28 
-197.24 ,-57.99 
-197.55 ,50.54 
-198.54 ,-78.26 
