380.45295,120.5278
376.55295,187.6278
357.24705,186.0278
335.74705,173.2278
333.64705,247.5278
321.64705,168.2278
316.95295,158.0278
299.94705,163.0278
294.25295,175.4278
266.34705,288.1278
265.54705,225.9278
262.74705,262.8278
260.54705,135.8278
255.74705,108.6278
251.14705,181.2278
242.94705,227.3278
237.85295,110.2278
229.64705,185.2278
224.64705,232.2278
211.04705,327.8278
177.54786,138.21679
174.85295,68.0278
174.44786,34.91679
171.64786,69.81679
171.04786,12.31679
165.44786,6.51679
162.84786,43.01679
160.14705,330.2278
157.35295,1.5278
155.74705,411.0278
153.44786,-4.98321
153.04705,352.0278
149.74786,160.31679
147.75295,73.0278
146.84786,-8.08321
146.64786,-38.78321
145.54786,147.31679
144.04705,270.5278
141.24786,-5.98321
139.94705,158.3278
137.84786,-110.48321
137.64705,393.0278
135.94786,4.71679
134.34786,3.31679
133.74705,294.8278
130.44705,298.1278
128.04705,369.2278
127.74786,-35.38321
123.44705,359.6278
120.65295,101.4278
118.74786,-140.98321
118.64786,-39.68321
117.94786,7.71679
117.04705,302.9278
115.44786,-152.58321
113.94705,405.5278
111.34786,146.91679
108.64786,-17.48321
107.15295,0.4278
106.84786,165.21679
105.05295,254.9278
102.74786,41.61679
99.94705,354.1278
99.84786,36.51679
97.44786,152.41679
96.84705,88.5278
94.34786,-19.08321
93.84705,-5.3722
93.64705,314.5278
93.34786,95.81679
93.24786,91.41679
92.34786,-128.88321
91.14786,-10.68321
89.44705,381.5278
89.14786,-231.68321
87.74786,-3.28321
83.94705,201.4278
79.84786,-51.98321
79.84786,-228.78321
79.44786,-80.48321
77.34705,-80.7722
76.84786,103.91679
75.14705,-2.9722
74.94786,43.91679
73.84705,292.4278
72.14786,2.31679
71.54705,390.5278
71.34786,155.41679
71.24786,5.71679
71.04786,1.01679
70.44786,52.21679
69.84786,13.11679
69.24786,27.71679
68.44786,-60.08321
68.04786,117.71679
64.34786,-52.08321
63.04786,42.51679
60.64786,101.01679
58.64786,-75.78321
58.64786,12.11679
58.34705,148.5278
58.34705,407.3278
57.55295,-19.0722
57.34705,21.7278
56.84705,14.4278
56.44705,36.2278
56.14786,53.21679
55.94786,-63.28321
54.15295,-17.9722
54.14786,-2.78321
54.14786,115.71679
52.84786,88.81679
50.04786,122.11679
49.84786,102.51679
49.24786,192.61679
49.14705,21.2278
48.14705,20.3278
46.64786,67.71679
43.64786,117.91679
43.45295,-50.4722
43.24705,1.9278
43.14705,-22.3722
42.85295,22.8278
41.34786,55.71679
41.24786,143.31679
40.24786,80.31679
40.04705,-8.1722
39.94786,10.81679
39.34786,-14.38321
38.34786,133.21679
38.24705,55.6278
37.34705,-34.8722
36.84786,9.51679
35.74705,172.0278
35.64786,89.01679
35.44705,97.0278
34.54786,111.91679
34.04705,-30.1722
33.84705,-17.0722
33.41643,-184.35444
33.34786,131.91679
32.04786,126.01679
31.04786,12.51679
30.94705,27.3278
30.54705,-57.5722
29.94705,22.3278
29.24786,36.41679
28.74705,22.9278
28.44705,196.7278
28.24786,160.61679
28.14786,99.81679
27.94786,46.21679
27.74786,74.91679
27.34786,106.01679
26.94705,-13.4722
25.94786,57.41679
25.34786,87.11679
25.25295,-45.3722
25.04705,66.3278
24.84705,9.8278
24.74705,17.5278
24.44705,355.7278
23.94786,90.91679
23.84786,-8.38321
23.64786,-36.88321
23.25295,-47.1722
22.94705,29.1278
22.74786,105.51679
22.34786,50.91679
22.34705,-5.0722
21.64786,78.21679
21.64786,68.91679
21.44786,-64.78321
21.14786,-11.18321
20.64786,-84.98321
20.54786,-205.98321
20.34786,-38.68321
20.34786,30.91679
20.34786,-13.88321
19.73505,15.9278
19.34786,42.81679
19.24705,123.5278
18.49705,-12.3722
18.44786,-66.78321
18.14786,-83.78321
18.04786,-14.68321
17.66705,19.3278
17.34786,15.01679
17.24786,9.21679
17.04705,-10.3722
15.93205,21.1278
15.54786,-11.18321
15.54786,3.21679
15.4786,15.81679
15.25295,19.5278
15.14786,-10.98321
15.14705,-21.9722
14.94705,-16.1722
14.786,-14.78321
14.24705,17.8278
14.24705,-15.0722
13.94705,12.5278
13.6786,-12.58321
13.4705,-14.1722
13.22786,16.71679
12.74705,7.7278
12.54786,-15.88321
12.44786,13.01679
12.24705,2.0278
12.14705,-13.0722
11.84705,19.5278
11.74705,18.0278
11.64786,-17.18321
11.64705,-19.4722
11.54705,18.4278
11.44786,-15.08321
11.34705,20.1278
10.44786,0.01679
10.34705,16.0278
10.04786,-14.68321
9.94705,-10.7722
9.84705,-0.7722
9.84705,14.9278
9.04705,-17.7722
8.75786,12.21679
8.74705,-13.3722
8.34705,200.6278
8.13786,-9.01321
8.04786,10.21679
8.04786,-9.48321
7.9723,-22.3722
7.93426,-13.9722
7.8705,15.9278
7.84705,-20.3722
7.74535,-17.3722
7.64705,17.3278
7.01505,13.3278
6.74705,24.1278
6.04705,17.1278
5.94786,17.01679
5.686,-9.98321
5.65295,84.1278
5.64705,14.0278
5.486,13.31679
5.24786,14.81679
5.1786,-13.18321
5.04786,-8.98321
4.94786,26.01679
4.8705,13.4278
4.84705,16.4278
4.64786,93.71679
4.64705,351.1278
4.24786,5.01679
4.15786,10.01679
3.786,-19.831
3.76786,13.41679
3.74786,-9.58321
3.74705,-12.1722
3.54786,-22.38321
3.46786,-19.38321
3.14786,-17.18321
3.14786,-17.18321
2.94786,27.71679
2.85786,17.71679
2.64786,-5.58321
2.57786,-15.58321
2.54786,-9.88321
2.54786,-12.38321
2.35786,12.41679
2.24786,11.41679
1.74786,-20.78321
1.64786,-19.78321
1.64705,19.0278
1.56786,-13.88321
1.42705,16.1278
1.04786,147.91679
1.04705,12.1278
0.75295,363.4278
0.64705,14.1278
0.55786,-16.88321
0.44786,16.01679
0.44786,-22.88321
0.44786,16.01679
0.23705,20.1278
0.14705,23.1278
-0.15214,63.51679
-0.15705,13.1278
-0.35214,19.61679
-0.40786,-15.88321
-0.45295,-13.9722
-0.75295,363.4278
-0.95214,-24.68321
-0.95214,-12.58321
-0.95214,27.81679
-1.05214,26.91679
-1.15295,9.8278
-1.25214,11.61679
-1.35214,-5.78321
-1.4705,15.1278
-1.5786,-13.88321
-1.65214,-25.08321
-1.65214,-26.38321
-1.74786,-10.78321
-2.05214,19.71679
-2.05214,18.91679
-2.44786,14.01679
-2.54786,-9.08321
-2.64786,-8.58321
-2.65214,-8.38321
-2.94786,17.71679
-3.04786,15.71679
-3.05214,3.61679
-3.14786,-14.18321
-3.15214,-8.58321
-3.25214,19.21679
-3.45214,-7.08321
-3.54786,-12.38321
-3.74705,-14.1722
-4.05214,24.41679
-4.15214,63.91679
-4.15214,-8.08321
-4.45214,-40.98321
-4.55214,-13.48321
-4.65214,0.01679
-4.705,16.4278
-4.85214,24.81679
-4.85214,26.51679
-4.94786,21.01679
-5.04786,-8.98321
-5.15214,13.01679
-5.25214,10.71679
-5.35214,-23.18321
-5.35295,-16.1722
-5.44786,13.31679
-5.64786,-9.98321
-5.65214,141.81679
-5.65214,2.21679
-5.65214,26.01679
-5.65295,24.1278
-5.75214,-12.88321
-5.94705,22.1278
-5.95214,8.81679
-6.05214,15.91679
-6.15214,11.51679
-6.25214,-14.08321
-6.35214,-16.58321
-6.45214,-4.08321
-6.55214,7.81679
-6.74705,17.1278
-6.85214,-9.68321
-6.85214,-12.08321
-7.04705,-12.3722
-7.15214,20.41679
-7.25295,114.0278
-7.35214,-10.68321
-7.45214,-13.18321
-7.55214,13.41679
-7.55295,-9.9722
-7.64705,16.3278
-7.74786,12.21679
-7.75214,14.21679
-7.93426,-13.9722
-7.95214,6.21679
-7.95295,-18.2722
-8.04786,11.21679
-8.05214,7.51679
-8.15214,-14.78321
-8.25214,-48.88321
-8.35214,-10.38321
-8.95214,2.51679
-9.04705,-12.7722
-9.45214,26.81679
-9.45214,-18.78321
-9.55214,4.11679
-9.65214,-19.58321
-9.65214,18.11679
-10.04786,-14.68321
-10.15214,-19.98321
-10.42786,-13.88321
-10.4786,15.01679
-10.75214,-10.78321
-10.85214,0.81679
-11.24705,13.1278
-11.25214,-12.38321
-11.2705,12.1278
-11.4705,-19.0278
-11.55214,7.61679
-11.65295,-24.4722
-11.75295,0.4278
-11.84705,19.5278
-11.85214,-8.18321
-11.85295,17.5278
-12.24786,13.41679
-12.35214,-3.88321
-12.54786,-14.38321
-12.55214,-13.18321
-12.65214,11.71679
-12.75214,10.71679
-12.75295,7.6278
-12.85214,-18.98321
-12.95214,9.01679
-13.24786,12.41679
-13.45214,-26.58321
-13.45214,10.21679
-13.45214,-12.38321
-13.55214,5.01679
-13.64786,-17.58321
-13.74786,-9.58321
-13.75214,16.81679
-14.15214,14.61679
-14.24786,9.01679
-14.25214,5.01679
-14.45214,15.21679
-14.65214,-2.28321
-14.74786,-15.78321
-14.75214,14.11679
-14.85214,12.11679
-14.85214,13.71679
-14.85214,7.51679
-15.14786,-14.18321
-15.15214,12.71679
-15.24786,13.81679
-15.25295,19.5278
-15.45214,-11.68321
-15.45214,1.61679
-15.64705,13.0278
-15.65214,-7.28321
-15.75214,-24.88321
-16.25295,-9.2722
-16.35214,-8.08321
-16.45214,7.61679
-16.55214,-10.98321
-16.65214,28.21679
-16.65214,7.11679
-16.65214,-1.68321
-16.85214,-10.38321
-16.85214,-8.68321
-16.85295,-15.8722
-16.95214,25.31679
-17.04705,12.3278
-17.05214,3.11679
-17.25295,23.9278
-17.35214,91.31679
-17.74705,-13.3722
-17.84705,-19.3722
-17.84705,14.9278
-17.95214,0.41679
-18.04786,-9.8321
-18.05214,23.71679
-18.05214,160.51679
-18.25214,-9.78321
-18.35214,20.01679
-18.35214,-7.88321
-18.65214,-24.08321
-18.65214,-0.98321
-18.65214,-14.58321
-18.74705,-14.3722
-18.95214,17.51679
-18.95214,5.11679
-19.05214,-26.28321
-19.15214,9.61679
-19.15214,10.41679
-19.15214,13.01679
-19.25295,19.9278
-19.45214,48.31679
-19.45295,43.0278
-19.55214,23.21679
-19.55214,20.51679
-19.65214,-0.38321
-19.75214,-12.48321
-19.75214,127.81679
-19.75214,-56.28321
-19.84705,-10.7722
-19.84705,15.9278
-19.95214,25.61679
-19.95214,14.51679
-20.15295,-48.7722
-20.25214,113.61679
-20.25295,88.5278
-20.4214,-75.3445
-20.45214,-20.58321
-20.55214,24.91679
-20.55214,6.81679
-20.65214,-37.78321
-20.65214,107.91679
-20.65214,32.11679
-20.75295,-19.7722
-20.85214,-4.88321
-21.05214,-21.08321
-21.05214,30.71679
-21.05214,4.11679
-21.15295,-88.7722
-21.25214,78.71679
-21.35214,-11.28321
-21.35295,29.5278
-21.45214,-10.08321
-21.65214,8.11679
-21.65295,-164.6722
-21.75214,126.41679
-21.95214,7.11679
-21.95214,6.81679
-21.95214,38.71679
-22.25214,-10.78321
-22.75214,15.61679
-22.85214,58.31679
-22.85214,146.21679
-23.25295,-47.1722
-23.35214,22.01679
-23.35295,-49.3722
-23.45214,83.31679
-23.45214,94.21679
-23.45214,71.81679
-23.45295,-56.2722
-23.45295,-11.2722
-23.55214,-13.48321
-23.75295,-40.2722
-23.95214,184.11679
-23.95295,61.6278
-24.75214,17.81679
-25.15295,14.0278
-25.25295,-13.0722
-25.25295,-15.3722
-25.65214,9.51679
-26.25214,12.11679
-26.25214,9.61679
-26.25214,15.31679
-26.25214,-16.08321
-26.55295,-19.8722
-26.65214,7.41679
-26.85295,-12.5722
-26.94705,-13.4722
-27.15214,-8.18321
-27.35214,9.01679
-27.65214,-15.68321
-27.65214,21.21679
-27.75214,20.41679
-27.75295,-14.9722
-27.85214,9.61679
-27.85214,12.01679
-27.95295,26.6278
-27.95295,-14.3722
-28.05295,17.5278
-28.45214,-1.58321
-28.45295,23.8278
-28.55214,-3.88321
-28.55295,-9.0722
-28.65295,-20.7722
-28.85214,12.61679
-28.95214,16.51679
-28.95295,15.7278
-28.95295,14.0278
-29.25214,-8.08321
-29.35214,10.31679
-29.35295,-8.8722
-29.65214,-13.28321
-29.85214,21.51679
-30.15295,5.0278
-30.15295,-18.1722
-30.25295,12.1278
-30.55214,23.91679
-30.65214,-14.21679
-30.75214,24.31679
-30.75295,18.0278
-30.85214,15.01679
-30.95295,-25.2722
-31.05295,22.5278
-31.05295,20.2278
-31.15214,19.51679
-31.25214,-12.78321
-31.25295,0.2278
-31.45214,-12.48321
-31.75214,15.71679
-31.95295,-14.6722
-32.05295,-8.9722
-32.35295,1.9278
-32.65214,25.01679
-33.15295,-9.8722
-33.41643,-18.35444
-33.65295,53.9278
-33.95214,16.91679
-34.35214,-0.08321
-34.35295,9.7278
-34.85214,-7.88321
-35.25295,-19.6722
-35.65214,12.01679
-35.95214,5.31679
-36.25295,-29.9722
-36.45214,1.51679
-36.65214,6.01679
-37.45214,-11.68321
-37.85214,-14.08321
-37.85295,-12.2722
-37.95214,14.01679
-37.95295,-18.2722
-38.35295,-17.2722
-38.45295,18.9278
-38.65214,-7.68321
-38.85214,19.81679
-38.95295,-18.6722
-39.05214,16.81679
-39.25295,-12.1722
-39.35214,20.01679
-39.35214,-6.78321
-39.35295,16.7278
-39.45214,15.51679
-39.45295,16.2278
-39.45295,-19.2722
-40.05214,22.81679
-40.25295,17.3278
-41.35214,7.61679
-42.45295,27.5278
-42.45295,-23.0722
-42.55295,25.5278
-42.65214,120.31679
-42.85295,22.8278
-43.05295,-37.1722
-43.45295,-50.4722
-43.55295,56.6278
-43.85295,16.5278
-43.95295,23.6278
-45.15214,113.81679
-45.25295,-38.7722
-45.35295,-1.5722
-45.65214,38.61679
-46.05214,10.31679
-46.05295,-19.0722
-46.95295,345.7278
-47.15295,154.2278
-47.25214,45.11679
-47.85214,-0.28321
-47.85295,-4.8722
-48.15214,11.61679
-49.35295,9.0278
-49.75295,-31.1722
-50.25295,-15.7722
-50.65295,4.8278
-50.95214,67.61679
-52.25295,144.2278
-52.45214,20.61679
-52.85214,62.11679
-53.35214,139.41679
-53.45295,36.8278
-53.85295,47.6278
-54.05214,46.11679
-54.15295,-17.9722
-54.35295,6.7278
-54.45295,-16.4722
-55.05295,-4.4722
-55.15295,2.5278
-55.25295,-8.8722
-56.05295,56.4278
-57.55214,12.31679
-57.55295,-19.0722
-58.15214,8.51679
-58.35214,127.61679
-59.55295,80.3278
-60.35295,-8.9722
-63.85295,-3.7722
-63.85295,256.8278
-64.65295,9.4278
-64.95295,-26.8722
-66.35295,-40.8722
-66.45295,73.2278
-67.15295,79.7278
-67.25214,62.71679
-68.05295,31.0278
-68.15295,21.6278
-68.65295,40.3278
-69.15295,-35.5722
-72.05295,-37.6722
-73.15295,44.1278
-74.35295,0.1278
-74.85295,73.9278
-75.95295,2.3278
-76.75295,-4.9722
-80.85295,-24.8722
-81.15295,5.8278
-88.05295,74.8278
-89.05295,22.1278
-89.25295,49.7278
-89.65295,177.4278
-92.95214,-27.18321
-93.25295,185.2278
-93.35295,-105.3722
-93.45214,-8.68321
-93.64705,314.5278
-100.85214,-4.18321
-102.05214,-38.38321
-105.05295,254.9278
-107.15295,0.4278
-107.75295,50.0278
-107.75295,207.9278
-110.85295,-44.5722
-111.05295,282.3278
-113.25295,160.9278
-113.94705,405.5278
-115.65295,269.7278
-119.25214,-34.98321
-120.65295,101.4278
-122.45295,85.6278
-128.55295,65.4278
-128.85295,-17.2722
-129.45214,-7.18321
-130.25295,24.4278
-130.85295,154.0278
-137.15295,225.1278
-139.45214,-21.08321
-139.95295,81.8278
-140.35295,86.8278
-147.75295,73.0278
-150.05295,132.4278
-153.04705,352.0278
-157.35295,1.5278
-158.35295,261.2278
-161.45295,285.9278
-167.55295,113.3278
-174.85295,68.0278
-179.45295,237.2278
-179.85295,176.1278
-190.85295,198.4278
-200.15295,274.8278
-204.55295,162.9278
-207.25295,293.0278
-229.45295,203.6278
-237.85295,110.2278
-239.25295,212.3278
-242.65295,163.7278
-249.25295,88.7278
-258.65295,194.4278
-259.05295,122.0278
-289.95295,184.9278
-292.35295,187.5278
-294.25295,175.4278
-302.85295,157.1278
-316.95295,158.0278
-346.65295,66.0278
-348.45295,147.7278
-355.35295,186.1278
-361.35295,126.7278
-371.65295,226.4278
-376.55295,187.6278
-379.95295,175.5278
-380.45295,120.5278
-380.95295,156.5278
-409.65295,219.8278
-411.65295,63.2278
-416.15295,144.3278
-428.35295,148.0278
-471.55295,182.5278
