86.2,171.3
80.98042,-27.91186
75.4,123.8
71.16218,3.3036
70.40825,51.82093
67.04609,-98.99234
62.3,114.2
60.1851,-34.18997
57.52131,13.54801
56.6,-45.7
56.4,-14.1
56.2,4.3
55.4,17.9
55.3,-9.1
55,-14.6
54.6,19.6
54.6,-52.3
54.2,-30.9
54.2,-84.9
53.7,-18.8
53.5,-60
53.3,-55.7
52.5,-54.2
52.1,47.6
52,-76.7
51.5,49.4
50.98799,-7.46427
50.9,3.8
50.5,-41.5
49.4,-8.7
49.3,-41.6
49.3,-47.3
49,-5.5
48.9,-60.2
48.7,24.3
48.2,17
48,-35.9
48,-34.7
47.9,-3.9
47.9,-46.3
46.8,-5.8
46.4,-22.1
45.2,-109.2
45,5.4
44.6,40.8
44.5,-8.4
44.2,-74.3
43.9,-23.2
43.1,1.5
41.6,-30.5
41.5,-6.7
41.4,0.3
40.9,-63.6
39.3,-60.7
39.24684,-54.24413
38.5,4
38.5,-6.7
38.3,-49.3
38,-36.6
37.9,-10
37.8,-50.4
37.7,71.9
37.6,-60.5
37.4,-0.6
36.5,-8.2
36.4,-18.6
36.3,-85.2
35.9,16.8
35.6,9.3
35.5,-21.2
35.4,-57.5
35.4,82.8
35.3,-47.3
35.2,19.5
35.2,-21.3
35.2,-74.3
34.8,-11.4
34.7,-62.3
34.7,-8.5
34.7,-37.7
34.5,-29.4
34.5,1.2
34.3,-44.8
34.2,-22.7
34.1,-54.9
33.9,4.5
33.7,15.3
33.65266,-39.31245
33.40605,-17.60555
33.3,-29
33.1,-53.9
32.8,-27.1
32.56803,-55.55694
32.5,23.3
32.5,-13.1
32.2,-46.7
32.1,-12
31.9,-0.4
31.8,-12.8
31.8,106.7
31.8,32.1
31.7,82.2
31.6,-25.9
31.3,-83
30.9,-65
30.8,12.6
30.7,30.3
30.6,-32.8
30.5,-9
30.4,-23.9
30.2,-12.4
30,-82.7
29.7,-7
29.5,22.6
29.1,-65.3
29.1,17.9
28.3,-28.1
28.2,-102.8
28.2,37.3
28,26.9
27.9,-8.8
27.7,-6.5
27.6,-12.9
27.53613,-36.01092
27.5,-39.6
27.4,-53.4
27.37483,-50.40619
27.1,-19.8
27.03654,-40.67143
26.9,-61.8
26.8,-25.2
26.8,-56.4
26.8,-27.9
26.7,-22.5
26.7,26.2
26.6,-9.3
26.5,-27.9
26.5,-4.6
26.5,-13.7
26.4,-29.5
26.4,-41.5
26.34578,-84.526
26.3,-16.4
26.2,-1.9
25.6,-29.8
25.1,2.9
25,-9
25,-65.8
24.8,10.5
24.8,-71.4
24.7,-0.7
24.5,4.1
24.5,-33.2
24.5,-3.9
24.1,-5.5
24.1,40.2
24.04931,-22.58065
24,-35.1
23.82426,-58.59774
23.7,-18.5
23.7,-31.1
23.66034,-40.11469
23.5,2.3
23.3,-78.8
23.3,5.9
23.23676,69.75574
23.2,-8.4
23.00167,-54.39185
23,-36.3
22.81265,-146.02882
22.6,-7.7
22.4,16.9
22.4,-42.7
22.2,20.3
22.2,27.5
22.1,7.6
21.3411,-48.85946
21.33547,40.847
21.3,-43.8
21.2,-21.4
21.1,-49.6
21.02447,29.22717
21,-29.8
21,27.5
20.9,4.8
20.9,-26
20.87779,-44.00007
20.8,-63.1
20.8,-39.1
20.7,-32.4
20.6,1.5
20.6,10.4
20.51548,-53.43421
20.2,-75.4
20.18783,34.80448
20.1,-27.6
20.07473,-69.60642
20,-42.9
19.9,-47.4
19.9,-70.7
19.6,2.1
19.6,10.8
19.5,4.9
19.3,25
19.24909,36.68492
19.1,1
19,-44.4
18.9,-63.4
18.84102,17.28774
18.8373,-18.93505
18.5,-105.9
18.3,32.3
18.28003,18.23651
18.1,-46.1
18,32.3
18,-41.8
17.8,-53.6
17.69297,34.83517
17.40484,-85.00517
17.3,43.7
17.2,-2
17.2,23.2
17.2,33.2
17.1,31.7
17.1,-41.4
16.91352,48.08427
16.9,-6
16.6,-15
16.6,3
16.30895,-11.9991
16.2,25
16.1,-93.7
16,4
16,-7.6
15.9,-35.7
15.87867,-58.46896
15.8,-25.9
15.8,-25.3
15.8,-42.5
15.74592,8.39559
15.7,10.4
15.5,18.8
15.40542,26.18249
15.4,-1.2
15.26891,40.94973
15.2,-34.3
15.16931,-100.01492
15.1,-48.6
15.0969,16.6308
15,-28.6
14.96266,-22.17735
14.9,-21.9
14.61877,19.49286
14.6,-52.2
14.6,54.8
14.48348,-13.23641
14.3,-38.8
14.3,-9
14.3,35
14.3,-49.2
14.3,-20.1
14.2,2.4
14.1,-76.5
14.1,-20.2
14.1,-74.1
14.1,-50.9
13.9,-4.1
13.87934,-58.16452
13.7,-35.4
13.6,32
13.6,-97.4
13.57544,-24.18507
13.40919,-3.73813
13.4,-18.7
13.4,-10.6
13.36427,-38.84963
13.3,-11.7
12.99084,-23.13752
12.9,-49.9
12.86506,45.25804
12.86221,-15.77047
12.8,-57.6
12.7,-64.4
12.6,-20.7
12.6,28.6
12.6,98.1
12.57808,-43.42149
12.45525,-56.67724
12.41365,15.27061
12.4,-59.3
12.3,29.2
12.3,-65.3
11.95297,-19.04816
11.80424,-0.57933
11.7575,-46.41259
11.67852,26.44735
11.6,-31.4
11.6,31.7
11.6,-3.9
11.5,-21.7
11.5,-15.3
11.49042,30.89871
11.40244,-18.45916
11.4,-36.8
11.4,-69.8
11.3,-1
11.3,12.3
11.2,-39.1
11.10069,30.30813
11.1,10.6
10.9,30.3
10.88649,29.34781
10.83195,-29.51269
10.8,-12.5
10.8,32.5
10.74209,-27.36163
10.7,-45.9
10.66812,7.7744
10.6,-21.5
10.5,1.1
10.5,-60.9
10.5,-44.2
10.5,157.1
10.48432,-34.60692
10.41813,-39.3139
10.23662,-29.86154
10.2,-20.9
10.2,-12.5
10.1,-32.8
10.1,37.2
10.1,-53.8
10.09066,-128.27633
10.08646,15.86267
9.7,31.5
9.7,-8.6
9.7,-19.2
9.7,-69.2
9.6,-47.3
9.6,9.1
9.6,29.5
9.6,48.7
9.52605,-58.70204
9.5,-94.9
9.4,-10
9.4,41.7
9.38355,3.10038
9.3367,11.07019
9.2,14.6
9.2,26.1
9.18969,6.19593
9.17647,16.98156
9.14489,-77.53034
9.01722,3.94643
9,107.6
8.87365,-47.61401
8.7,-24.8
8.7,-13.6
8.7,12.6
8.64121,8.14508
8.6,-64.7
8.6,-11.8
8.6,5.2
8.59629,-21.77813
8.55868,-81.11731
8.51666,18.23242
8.5,14.9
8.5,-7.7
8.5,1.3
8.47464,24.52593
8.4,-1.4
8.22703,33.91041
8.2,-7.5
8.2,-25.3
8.2,-14.2
8.17622,-12.64612
8.1,18.8
8.1,126.4
8,9.2
7.9,-77.1
7.87329,-23.43863
7.84866,-24.12154
7.84292,38.32204
7.81709,-80.4692
7.8,-37.4
7.8,-12.6
7.79247,50.06834
7.7,-23.3
7.7,-35.4
7.7,-19.1
7.7,15.8
7.6,-40.5
7.6,-46.6
7.5,6.5
7.5,-53.4
7.4,26.3
7.4,-10.1
7.4,-14.9
7.4,-11.4
7.4,32.4
7.37472,-52.99116
7.3573,-23.71097
7.27892,-32.46618
7.26559,32.12252
7.21655,-10.94447
7.08806,46.09923
7,-25.7
6.96609,67.70004
6.9,1.6
6.84885,-44.68482
6.8,4
6.8,51.7
6.7,-43.6
6.7,29.3
6.61409,5.62617
6.5,-63
6.43867,39.6009
6.37548,37.00423
6.3,11.5
6.25415,-36.89289
6.2,-34
6.17313,9.64127
6.1,-46.5
6.1,32.1
6.03944,-14.69303
5.92382,-48.69035
5.8,43.1
5.8,11.1
5.7,-28
5.6773,-17.0022
5.60391,-26.71428
5.6,-25.1
5.6,-28.1
5.6,-19.8
5.6,38
5.59779,-123.85094
5.59316,-43.66833
5.57467,-2.10658
5.54028,92.53041
5.52094,6.17938
5.5,8
5.5,-42.4
5.47892,12.47289
5.4,-30.7
5.4,-10.3
5.4,12.3
5.3,-12.1
5.28871,47.38856
5.2,-22.6
5.13852,30.01925
5.12517,-139.92939
5.1,-43
5.01297,10.6282
5,1.8
5,15.3
4.93678,3.95256
4.9,54.8
4.9,-9.5
4.9,-24
4.9,-21
4.77366,-26.35278
4.61966,22.89218
4.6,34.8
4.6,1.8
4.58785,35.98642
4.5,13.5
4.4,1.2
4.2,0.6
4.17165,62.38863
4.1,-28.3
4.1,-25.4
4.05036,-41.62505
4,26.3
4,10.3
3.97174,26.21155
3.93287,35.56098
3.9,-29.2
3.82068,0.00613
3.81328,-40.95887
3.77307,12.37252
3.7,-16.6
3.7,-19.4
3.6,-65.1
3.59692,27.05387
3.51785,28.46677
3.5,20.3
3.48443,11.10103
3.39266,-10.85236
3.38063,-33.56315
3.25124,-21.79951
3.2,8.5
3.1,23
3,-15.1
3,-9.4
3,16.3
3,5.7
3,12.5
2.9,-40.7
2.9,-54.8
2.8,12.6
2.8,-13.5
2.74843,5.67625
2.7,-31.8
2.6,-19.7
2.5,-10.7
2.5,-13.3
2.4,10
2.4,-64.7
2.4,-28.2
2.4,6.4
2.4,-3.5
2.34738,-16.60018
2.3,-6.4
2.2,54.6
2.2,24.6
2.10129,-14.01185
2.1,12.6
2.09828,3.57451
2.07551,-21.31249
2,42.8
1.8,-14.3
1.8,-2.7
1.8,30
1.7,-9.1
1.63573,-10.58605
1.62523,16.59588
1.6,35.3
1.6,11.8
1.5,34.5
1.5,12.1
1.5,26.8
1.4,-57.2
1.3,-53
1.2,42.5
1.2,-12.6
1.08886,-26.51216
1,12.1
1,1.7
0.97316,40.50065
0.9,-6.5
0.8,-11.1
0.8,20
0.79831,24.07426
0.78257,23.32033
0.75866,32.49853
0.71761,-49.27806
0.6,2.3
0.6,-6.9
0.58447,-108.58769
0.51462,-32.67659
0.48162,38.30206
0.41209,21.47218
0.3,8.8
0.3,9.5
0.27605,19.00206
0.19308,51.89572
0.12904,14.1278
0.1,-27.2
0.09508,-13.39126
-0.01023,43.79396
-0.177,-111.38772
-0.21505,44.48537
-0.3,-6.5
-0.4,-16
-0.5,4.8
-0.5,-12.2
-0.50864,5.63702
-0.6,58.1
-0.7,44.8
-0.70868,16.07973
-0.8,-0.3
-0.80093,-27.45459
-0.81221,-54.56196
-0.9,8.2
-0.96686,38.33274
-0.97226,19.39342
-1.01359,-100.55674
-1.12256,26.83356
-1.16147,-47.23134
-1.2,14.9
-1.2339,17.16629
-1.4,0.7
-1.4,-36
-1.41132,-22.66007
-1.42245,3.99708
-1.5,8
-1.56821,-9.63181
-1.6,-57.5
-1.69491,-40.15777
-1.76389,-115.50254
-1.77092,24.84339
-1.8,10
-1.8,-8.5
-1.96651,-35.60032
-2,-8.3
-2.0345,28.15707
-2.1,3
-2.1,25.6
-2.10413,25.18144
-2.2,-56.4
-2.2,2.1
-2.3,-9.8
-2.3,-22.3
-2.3,17.4
-2.3,0.6
-2.3,-22.6
-2.34495,-3.00636
-2.5,-95.2
-2.5,-36.3
-2.5,20.2
-2.58609,37.15883
-2.59458,7.01501
-2.6159,25.48837
-2.7,6.9
-2.7,-38.7
-2.76244,17.63912
-2.76522,-22.59986
-2.77446,-48.55988
-2.8,-71.8
-2.8,-69.1
-2.9,-52
-2.9,-31.7
-2.9,-23.2
-2.96531,-5.80835
-3.06323,-21.12976
-3.2,-25.7
-3.20486,51.06268
-3.3,36.5
-3.4,-3.2
-3.4,-79.3
-3.48544,15.97862
-3.6,-11.4
-3.67161,46.80352
-3.7,10.3
-3.76292,36.68365
-3.8,-12
-3.8,22.7
-3.9,-21.3
-3.94366,48.67434
-3.96409,16.03203
-3.99845,-149.45879
-4,9.4
-4,8.4
-4,55.6
-4.1,-0.5
-4.1,12.1
-4.10378,0.78264
-4.10936,6.85553
-4.22236,17.30612
-4.25147,13.42293
-4.4,22.8
-4.4,-27
-4.40782,-33.73753
-4.4426,0.36408
-4.66364,-156.68496
-4.66903,20.95045
-4.7,-10.2
-4.73824,53.21181
-4.8,-16.8
-4.8,13.6
-4.84505,26.13399
-4.9,51
-4.9,-64.9
-4.90681,-21.09534
-4.93349,11.29747
-4.961,12.56208
-5,-13.3
-5.09021,-55.98937
-5.1,-26.1
-5.1,13.8
-5.1,-8.9
-5.1,25.9
-5.2,-16.5
-5.2,27.9
-5.25549,29.95296
-5.3,8.4
-5.3,29.7
-5.3,20.2
-5.3,27.6
-5.37354,-115.32803
-5.4,15.4
-5.4,29
-5.4,10
-5.4,26.8
-5.43647,-36.09965
-5.4421,-33.66019
-5.48445,40.9863
-5.5,22.7
-5.5,28.3
-5.7,-5.8
-5.72162,20.67542
-5.8,2.5
-5.80178,-18.58038
-5.86874,93.54743
-5.9,-15.7
-5.9,-15.2
-5.9,-3.8
-5.94503,-45.43759
-6,14.2
-6,-18.2
-6.1,29
-6.1,6
-6.13883,22.73356
-6.2,13.6
-6.2,44.8
-6.21713,45.26718
-6.3,15.7
-6.3,-15.5
-6.5,-56.1
-6.5,-4.1
-6.57593,-93.49767
-6.8,1.3
-6.8,20.6
-6.8,-52.5
-6.82472,44.43647
-7,-87
-7.05027,-86.23303
-7.1,26.3
-7.13678,47.14988
-7.15655,-10.10131
-7.2,-23.9
-7.21426,34.71751
-7.27047,70.74315
-7.3748,-77.13058
-7.4,-9.2
-7.48098,-54.80193
-7.5931,31.41775
-7.6,6
-7.6,26.7
-7.60477,-49.11117
-7.7,-21.7
-7.7,-7.7
-7.8,-9.6
-7.8,40.7
-7.8,-24.2
-7.84173,33.02745
-7.84298,-30.77154
-8.03881,-117.85317
-8.04225,-71.16698
-8.11447,-31.94895
-8.11697,-53.58064
-8.2,-9.2
-8.2,-2.8
-8.26137,13.05963
-8.27083,11.89762
-8.4,-71.6
-8.5,-25.4
-8.5,-4.2
-8.54522,12.96068
-8.58214,-10.5146
-8.58225,-39.07401
-8.59612,15.36136
-8.6,-5.4
-8.7,-7.8
-8.7,7.7
-8.8,7.7
-8.9,1.2
-8.9,37.1
-8.9,-31.4
-8.96676,41.93086
-8.99274,-165.60398
-9,-19.2
-9,29.7
-9.1,12.4
-9.20965,-48.19027
-9.22564,-34.52097
-9.3448,30.87553
-9.36328,-20.61893
-9.37576,30.64825
-9.4,7.5
-9.4,-26.3
-9.5,-12.3
-9.6,38.4
-9.6,-38.8
-9.7,45.6
-9.71418,38.17702
-9.8,20.2
-10.2,11.5
-10.2,-35.9
-10.3,-26.3
-10.30723,-47.0191
-10.3844,-48.93858
-10.4,3.2
-10.4,16.9
-10.4,2.4
-10.43199,-22.38185
-10.47184,-45.48715
-10.5,0.3
-10.52968,30.09063
-10.6,-48.4
-10.6,-41.5
-10.7,-70.8
-10.76921,7.65956
-10.8,-51.2
-10.8,-96.6
-10.9,-33.4
-10.9,8.8
-10.90015,28.60466
-11,-38.8
-11.1,-13.8
-11.20835,-26.25001
-11.3,-113.4
-11.37336,55.78767
-11.4,22.1
-11.4,20
-11.40171,-27.30954
-11.4056,4.92552
-11.52413,-20.15986
-11.6,16.7
-11.7,58.7
-11.7,9.8
-11.7,34.8
-11.8,-31.3
-11.8,-11.1
-11.84006,-34.71665
-11.9,-19.9
-11.96988,6.14682
-12.2,11.4
-12.2,4.4
-12.3,33.3
-12.3,42
-12.4,30.8
-12.5,-27.9
-12.68408,59.33338
-12.7,-19.6
-12.72442,-56.33408
-12.8,19.8
-12.8,-54.6
-12.85061,39.52343
-12.9,-14.1
-12.9,-14.3
-12.9,-18.2
-12.93682,-87.71824
-13,-33.7
-13.13756,-41.95657
-13.27082,45.59308
-13.3,42.3
-13.66786,-15.62688
-13.7,33.2
-13.7,53.3
-13.7,-14.7
-13.78712,-7.48835
-13.8,16.3
-13.8,131.8
-13.9,20.8
-13.9,-0.2
-14,-14.9
-14,33.4
-14,-0.3
-14.02735,-12.68631
-14.03886,6.33723
-14.1,-20.9
-14.1,-1.2
-14.2,-5.4
-14.26495,20.04584
-14.3,-6.9
-14.3,15.5
-14.38552,-6.39968
-14.4,43.2
-14.5,-3.2
-14.5,5.5
-14.51211,2.32752
-14.64538,-1.74436
-14.7,-8.9
-14.8,4.7
-15,-5.8
-15.2,-31
-15.3,-36.4
-15.3,-94
-15.4,4.6
-15.5,-6.3
-15.8,38.9
-15.89225,52.68449
-16.04124,-8.29026
-16.2,4.2
-16.3,64.5
-16.33659,-62.11138
-16.4,20.7
-16.4,-62
-16.6,-13.5
-16.6,25.2
-16.7,46.7
-16.73195,41.84868
-16.7573,-102.38585
-16.78926,-52.07351
-16.8,-3.5
-17.1,-53.8
-17.20639,9.86017
-17.37994,-12.69598
-17.4,-66.4
-17.4,38.8
-17.4744,7.64022
-17.51954,-7.73307
-17.63026,-52.95823
-17.75359,17.56605
-17.8,-17.9
-17.9,-40.7
-18,-19.9
-18.2,12.5
-18.3,-59.3
-18.4,-44.9
-18.47917,4.39207
-18.5,-42.3
-18.5,-22.6
-18.57372,15.62136
-18.60692,53.52039
-18.6898,25.70629
-18.7,-7.9
-18.89117,-43.21451
-19,-21.4
-19,-41.2
-19.1,-21.3
-19.28094,-15.45754
-19.3,7.8
-19.3,-11.3
-19.4,-40.2
-19.5,52.3
-19.5,44.4
-19.6,-24.5
-19.6,-45.1
-19.6072,16.98801
-19.7,-8.4
-19.92282,27.13446
-20.1,12.1
-20.2,-65.1
-20.2,-10
-20.3,-58.3
-20.35643,22.34885
-20.4,-33.5
-20.5206,-8.76498
-20.54137,26.48839
-20.6,2.4
-20.69822,13.15461
-20.71718,17.12201
-20.88374,33.50286
-20.9,-84.2
-20.90287,25.65814
-21,-38.7
-21.3,-15.7
-21.32986,19.65419
-21.4,-74.4
-21.4,22.8
-21.5,20.3
-21.7,-55.9
-22.1,-25.2
-22.1,40
-22.2,-32.8
-22.2,29.1
-22.3,35.6
-22.39836,-103.40833
-22.5,-35.1
-22.5,12
-22.68266,-29.92569
-22.7,-6
-22.8,-46.1
-22.8,-16.6
-22.81978,75.97181
-22.9,-48.1
-23.02374,18.46357
-23.27724,11.21472
-23.3,-34.3
-23.7,-24.7
-23.8,18.6
-23.90099,69.8122
-24.1,-0.6
-24.11093,58.26241
-24.2,-56.6
-24.3,23.2
-24.4,24.4
-24.6,-9.9
-24.61794,43.76472
-24.7,4.9
-24.87074,-66.56798
-24.9,-33.4
-25.14282,15.31007
-25.2,-16.2
-25.28678,4.71844
-25.3,-75.4
-25.5,-40.7
-25.50407,11.79889
-25.6,9.6
-25.7,-74.9
-26.2,-3.9
-26.5,-90.3
-26.5,68.6
-26.6,16.1
-26.62414,44.38532
-26.7,-67.6
-26.88635,21.54257
-26.9,-24.9
-27,-17.1
-27,11.2
-27,32.8
-27.1,-22.9
-27.1,-9.9
-27.3,-22.5
-27.91641,-36.78483
-28.7,-3
-28.7,24.3
-28.8,37.3
-28.9,-22.9
-28.9,-1.3
-29.00577,-37.6123
-29.05934,53.09392
-29.35034,25.75905
-29.36875,-2.41594
-29.4,67.7
-29.6,-72.7
-29.6,28.9
-29.7,-18.6
-29.7,-48.3
-29.70666,-40.99969
-30.12602,-73.02193
-30.34157,36.42851
-30.4,-26.5
-30.9,41.6
-31.2,-70.7
-31.3,71.5
-31.30375,-21.24253
-31.4,6.2
-31.5,-21.3
-31.5,8.4
-31.6,-50.6
-31.8,43.9
-32.1,-28
-32.1,26.8
-32.2,4.1
-32.3,-36.5
-32.5,-22.7
-32.6,22.5
-32.8,-43.2
-33,-9.1
-33.1,-17.5
-33.28094,-45.21315
-33.3,-45.1
-33.45323,-69.07482
-33.5,-49.2
-33.9754,44.98452
-34.1,15.1
-34.46642,-26.78126
-34.8,-23.9
-35.39104,-2.71931
-36,-4.4
-36.14784,-55.9299
-36.7,-70.1
-36.8,-29.7
-36.99712,25.40292
-37,-30
-37.1,15
-37.7,-55.9
-37.9,29.5
-38,9.3
-38.37112,19.15873
-39,30.3
-39.1,-37
-39.6,-20.6
-40.2,-41.7
-41.1,25.7
-41.45506,-69.31759
-41.6,-39
-44.29121,-7.40191
-44.6,-5.8
-45,1.6
-46.1674,-59.6613
-46.3,-84.4
-47.23257,-12.12536
-48.03028,-55.60191
-48.1,18.6
-48.1,66.9
-48.3,-8.4
-49.12564,84.81109
-49.7,86.2
-49.8,49.8
-50.1,-17.3
-51.3,16.9
-52.69972,-27.38283
-52.8,-13.7
-53,41.5
-53.2,-15.1
-53.4,126.6
-55.1,-28.2
-58.1,38.9
-59.2,-4.2
-60.1,-34.8
-60.2,75.2
-63.6,-54.7
-75.06562,-35.31421
-139,189.3
-156,120.8
