164.656,-38.612
151.4,-26
144.4,-56.1
142.072,39.772
135.376,4.588
133.576,-99.308
132.6,-66.3
131.488,-56.996
129.712,-31.292
128.74344,57.56427
126.04,-129.428
125,90.4
124.36,-74.396
124.17613,78.41588
124.04921,19.03007
124,-48.3
121.12,-92.564
121.024,-62.732
120.688,-110.252
120.05988,-57.62686
119.95903,82.22849
119.104,137.38
118.648,-43.34
117.9,-61.7
113.4,-20.2
113.008,-83.512
112.66102,99.73446
112.624,-40.576
112.504,145.564
112.024,-128.588
111.5,-7.6
111.376,33.004
111.232,-15.74
109.864,-8.516
108.496,-38.468
108.09525,92.4706
107.68,9.868
106.696,-12.38
106.6,97.2
106.24,-121.268
106.216,7.42
105.664,-119.276
105.2,51.2
105.088,-12.884
104.84018,0.24861
104.824,-33.692
104.824,72.7
104.608,-5.996
104.08656,-20.19355
103.8,32.7
103.24,-83.876
102.712,161.668
102.208,-55.508
101.872,-9.044
101.512,-19.7
101.248,48.172
100.816,-112.148
100.816,-59.9
100.744,78.028
100.6,85.3
100.312,146.14
100,-15.572
99.544,10.04
99.352,13.876
99.304,-55.892
99.16,-22.7
98.6,52.4
98.488,22.276
98.33577,113.54885
98.008,5.476
97.648,-166.076
97.528,46.276
96.86906,-44.03989
96.75789,11.56792
96.424,-17.996
95.92,-91.388
95.776,-79.148
95.512,0.124
95.5,39.9
95.464,-79.94
95.08,-89.804
94.864,-65.3
94.648,-7.676
94,-35.9
93.136,-67.6
92.92,-37.772
92.86144,96.23637
92.656,-13.364
92.2,-10.2
92.08,-122.588
91.696,-14.78
91.6,61.804
91.3,-51.7
91.3,84
91.3,97.9
91.168,-186.092
91.1,-28.9
91.024,-40.912
90.52,-160.652
90.4,1.8
89.752,-92.636
89.296,41.116
89.2,73.372
89,-50.9
88.888,-15.16
88.8,36.1
88.7,45.1
88.648,-85.504
88.072,-115.216
87.904,-3.04
87.8,47.6
87.7,88.5
87.496,-38.708
87.352,-124.364
87.232,24.388
87.184,33.128
86.8,199.708
86.488,29.308
86.4,-58.8
86.272,24.268
86.176,125.812
86.08,148.612
85.432,-88.82
85.24,-49.456
85.216,-185.852
84.9,13.4
84.736,-14.368
84.40056,-32.47328
84.38874,40.54487
84.328,106.324
84.28,15.148
84.256,-128.468
84.232,-55.768
84.232,65.692
84.1,-38.4
83.848,-17.972
83.8,-16.556
83.728,-80.852
83.7,-32.8
83.536,-102.76
83.392,-164.06
83.32,-23.252
83.272,-38.272
82.84,-37.624
82.6,-68.032
82.52317,99.73068
82.408,197.02
81.87157,-17.07833
81.4,49.948
81.184,-69.86
81.088,-65.108
81,49.7
80.944,-69.86
80.632,-66.5
80.6,20.3
80.10294,12.69165
80.056,-62.732
79.912,19.42
79.864,-113.084
79.816,15.58
79.432,-40.868
79.36279,-19.88476
79.288,-54.572
79.24,-28.744
79.144,28.664
79.12,147.58
79.024,-93.572
78.904,53.644
78.9,-44.8
78.88,89.548
78.832,-61.168
78.256,-38.056
77.872,103.616
77.68,-50.228
77.488,75.556
76.6912,79.43122
76.504,-60.116
76.5,-51.4
76.1,29
75.904,-36.352
75.856,-64.196
75.856,84.724
75.664,62.26
75.544,-54.26
75.4,-161.444
75.4,-60.448
75.088,-17.704
75.064,-74.276
74.896,-65.996
74.848,-27.16
74.632,27.532
74.608,-64.696
74.368,-51.164
74.224,-86.224
74.128,9.844
74.104,-15.14
74.056,-10.484
73.816,-48.548
73.792,-78.908
73.624,17.288
73.624,29.528
73.528,-92.588
73.528,15.028
73.5,-14
73.144,75.052
72.928,-55.648
72.736,-103.412
72.568,14.116
72.28,-76.624
71.68,-31.504
71.656,-20.876
71.47507,-41.304
71.248,22.568
71.08,-14.084
70.6,-146.708
70.6,-97.46
70.216,-21.068
69.88,18.632
69.7,81.1
69.36498,-11.28221
69.328,-20.848
69.28,-21.256
69.04,-49.768
68.795,-85.80419
68.776,18.892
68.488,15.1
68.32,-24.112
68.224,-44.44
68.2,54.8
67.936,105.148
67.6,-83.296
67.55808,-36.13126
67.552,-17.276
67.48,42.892
67.456,-36.448
67.384,144.82
67.336,-132.74
67.3,-43.8
67.264,-123.188
67.096,-108.26
66.736,-79.652
66.5,66.4
66.47151,-81.80652
66.448,115.084
66.328,36.104
66.304,-86.06
66.3,49.7
66.04,-50.564
65.992,3.484
65.944,-28.34
65.824,-57.236
65.66635,33.26529
65.608,-146.296
65.56,-50.564
65.536,25.88
65.272,62.572
65.1,-36.5
64.792,-131.012
64.696,-72.98
64.696,-35.204
64.6,105.124
64.144,-17.2
64.024,-39.808
64,21.5
63.5,-50.4
63.232,-110.132
63.2,50.7
63.16,-77.156
62.944,-168.088
62.944,82.304
62.704,-15.956
62.632,-39.668
62.46626,-23.85431
62.43577,39.24972
62.3128,-1.42539
62.2,170.932
62.104,-55.432
62.104,73.036
61.9,37
61.432,-36.092
61.39503,-12.08221
61.336,-45.712
61.264,70.444
61.192,-101.972
60.976,4.78
60.808,-49.652
60.7,26.2
60.592,35.288
60.568,-97.744
60.5,92.8
60.472,-74.252
60.376,-47.228
60.376,-30.044
60.328,-89.372
60.016,-28.868
59.752,-41.156
59.536,130.516
59.488,14.068
59.464,-107.516
59.416,-94.628
59.392,-27.38
59.344,-80.612
59.344,-12.164
59.23123,115.32508
59.2,-124.556
58.96,-89.588
58.936,-32.66
58.7,-31.3
58.528,-93.236
58.48,-30.932
58.408,-11.084
58.408,113.452
58.2,44.6
58.192,20.956
57.952,13.42
57.9,-2.4
57.88,-39.644
57.496,24.296
57.424,-22.552
57.232,-54.74
57.16,31.376
57.112,38.96
56.872,99.968
56.8,41.6
56.752,-84.86
56.632,-84.188
56.608,93.532
56.272,-61.34
56.2,-47.416
55.528,-24.856
55.528,16.636
55.48,-62.54
55.384,-44.948
55.024,-103.412
55.024,-60.188
54.856,14.356
54.736,-2.224
54.304,-51.544
54.256,-43.628
54.112,-33.136
54.088,-12.476
54.088,175.276
53.992,-43.624
53.92,15.196
53.872,-36.764
53.872,61.708
53.6473,-43.79613
53.63755,-21.6489
53.56,-23.444
53.176,-75.328
53.176,-56.972
52.984,-70.388
52.9,-46.3
52.9,3.2
52.8,-19.1
52.72,-44.56
52.192,89.668
51.712,135.94
51.568,13.348
51.496,157.252
51.3,-53.7
51.184,-128.468
50.47613,33.39677
50.46008,-50.1437
50.416,-66.38
50.368,-63.52
50.272,-78.548
50.22098,-48.56166
50.008,-61.388
50.008,-54.232
49.85824,15.40238
49.8,-48
49.77763,-32.2447
49.672,-41.492
49.672,19.66
49.624,-43.384
49.456,-121.388
49.25939,-64.28188
49.24,-44.54
49.18105,15.19889
48.808,-18.644
48.688,-53.032
48.352,-16.24
48.28,-4.124
48.232,-2.828
48,-69.1
47.416,-61.724
47.296,31.756
46.912,-31.648
46.864,-9.544
46.36,142.612
46.27518,-88.70205
46.264,-72.428
46.14119,58.73347
46.12,-35.06
45.976,12.268
45.952,-65.612
45.904,-88.556
45.832,40.276
45.616,13.564
45.088,144.172
44.824,-15.02
44.8,55.352
44.632,13.18
44.56,-18.688
44.008,-48.356
43.864,10.852
43.768,-81.52
43.6,-16.744
43.408,-121.364
43.36,118.276
43.216,-72.332
43.168,-40.264
43.168,13.756
43.12,-70.748
43.096,-31.912
42.952,2.044
42.952,34.852
42.90207,-38.94743
42.832,30.992
42.62145,-84.60202
42.376,103.444
42.328,-66.544
42.16,-42.332
42.16,-33.716
42.1,48.2
42,44.7
41.848,-106.1
41.824,-3.284
41.8,-68.396
41.8,64.7
41.8,78.8
41.464,121.684
41.416,-13.192
41.34054,-88.84103
41.20423,100.7677
41.128,-64.772
41.08,-7.868
40.984,47.14
40.96,-0.044
40.83342,78.46181
40.72,-21.784
40.59727,104.11458
40.25584,-64.93469
40.1459,-5.98922
40,31
39.712,-54.092
39.664,-68.54
39.664,-59.104
38.872,6.004
38.776,-91.028
38.536,-67.892
38.44,-38.636
38.32,-57.86
38.32,-17.156
38.32,18.728
38.272,-30.64
38.19406,-33.89424
37.864,-64.1
37.816,23.428
37.5,-35.4
37.3,-50.7
37.048,-11.684
36.976,-134.3
36.8,36.5
36.784,-37.36
36.75373,-23.69496
36.712,-69.644
36.496,-23.732
36.352,-62.032
36.352,-11.176
36.136,5.788
36.00586,84.30602
35.968,143.044
35.896,6.484
35.776,-14.204
35.728,33.272
35.512,-96.14
35.42714,26.57123
35.392,-22.58
34.672,-30.664
34.6,4.6
34.384,-59.78
34.168,-74.06
34.144,23.12
33.68411,-60.26431
33.232,86.26
32.92084,30.44014
32.584,72.1
32.56,-89.66
32.464,-82.22
32.11572,-23.78911
31.936,9.58
31.36,-45.692
31.288,-8.248
31.168,10.616
31.144,-59.852
31.1,32.2
31.072,-60.568
31.024,-109.768
30.976,-37.792
30.712,-14.108
30.6,30.9
30.4,-73.124
30.376,-34.196
29.272,35.768
29.07254,67.27872
29.008,124.208
28.7,10.9
28.576,-40.312
28.528,-54.908
28.42962,-26.16665
28.408,-14.872
28.4,-58.4
28.216,-27.304
27.99457,85.11794
27.856,-163.796
27.64,45.728
27.376,-24.284
27.16429,35.7394
27.136,92.48
26.89996,82.32298
26.872,34.78
26.824,-53.204
26.728,-79.844
26.65385,-47.87579
26.4,-41.1
26.344,-82.412
26.2,-90.284
26.19458,103.05032
25.672,60.748
25.576,19.396
25.2,-94
24.904,-17.756
24.904,-10.816
24.736,56.452
24.616,67.396
24.304,-49.844
24.232,-97.556
24.064,-24.476
24.00354,-12.27206
24.00183,-33.00512
23.92,-39.328
23.6,-13.2
23.536,70.756
23.4,34.4
23.38468,104.24381
23.368,56.624
23.272,-52.244
23,-30.7
22.6,-35.3
22.576,80.792
22.54276,7.43089
22.408,89.84
22.28832,-48.43444
22.2,-62.7
22.048,-27.476
21.616,103.876
21.328,91.852
21.112,-161.32
21.112,-48.76
21.064,-57.404
21.016,-45.016
20.98197,112.78061
20.6,2.6
20.392,-56.852
20.248,-5.372
20.104,58.78
19.432,-74.704
19.02809,-33.55456
18.184,95.576
18.136,22.688
17.824,-28.696
17.824,-7.748
17.776,30.152
17.5,-25.8
17.3,-27.4
17.23335,-33.72467
16.96,18.436
16.7,67.2
16.144,-40.076
15.328,15.008
14.9,-96.5
14.76484,7.36787
14.368,-36.28
14.08,-16.912
14.008,-29.752
13.7434,32.19399
13.6648,-26.17315
13.5,-39
12.49275,-43.84676
11.968,-69.26
11.728,38.864
11.128,-103.676
10.7,-15.1
10.672,68.264
10.1,51.9
9.832,79.304
9.472,-44.776
9.376,-29.488
9.28,-63.644
9.14919,-91.98698
9.04,-45.232
8.944,-110.348
8.872,-49.388
8.824,-67.316
8.62083,-30.27295
8.3,28.6
8.128,-99.616
8.128,90.44
7.312,-61.964
6.97406,-43.4672
6.64,63.512
6.61092,-37.0494
6.376,-14.66
5.848,-54.62
5.752,-83.296
5.728,5.668
5.584,-74.968
5.056,-23.368
4.816,55.828
4.696,188.38
4.58087,-65.77533
4.576,-23.708
3.9,57.5
3.75889,-20.18625
3.58794,35.81706
3.5,-51.3
3.256,-18.548
2.7,96.6
2.68,-199.384
1.816,58.4
1.192,-58.532
-1.208,-57.38
-1.3,-44.4
-2,104.7
-2.216,-96.86
-2.2256,16.73402
-2.528,61.088
-3.128,-48.256
-4.112,-11.276
-5,-15.136
-6.42763,-59.85393
-6.488,-0.808
-6.536,-19.408
-6.85031,-44.34292
-7.232,-2.876
-8.36,-44.468
-8.6,26
-8.912,25.42
-9.032,33.488
-9.2,-27
-10.16,48.032
-10.448,2.716
-10.616,-37.48
-11.6,-153.764
-11.888,-33.164
-11.96,-9.52
-12.75925,-62.12562
-13.4,-26.3
-13.5,-93.2
-13.67454,-66.10711
-13.6997,-61.2564
-13.928,-9.304
-14.09491,-92.76931
-15.30479,21.63452
-15.30844,-28.52932
-16.304,21.988
-17.24,41.932
-18.15255,25.75522
-18.39652,102.98598
-18.42674,5.48665
-19.4,16.6
-19.616,-22.94
-21.3,-13.4
-21.38755,-4.36644
-25.352,198.508
-26.912,3.272
-28.4,70.2
-28.568,106.328
-34.184,77.648
-39.8,78.4
-44.312,-73.168
-47.4,11.7
-53.288,27.416
-65.9,28.8
-80,38.8
