319.87167,388.36815
319.87167,388.36815
227.544,-78.888
158.592,-76.656
150.864,-84.528
148.104,-22.056
139.152,-65.592
139.104,-76.152
129.016,-163.456
128.76,-27
128.28,-65.256
128.232,13.776
127.128,12.48
118.24,127.808
117.86088,-21.68017
117.86088,-21.68017
116.2,-10.456
113.016,-87.648
112.824,-23.832
111.792,-63.816
111.264,-101.376
109.33497,-195.89911
109.33497,-195.89911
106.528,24.056
102.408,-20.424
97.056,-50.04
93.712,17.792
92.496,-30.24
85.728,-39.888
84.768,-28.008
81.256,151.88
81.19639,25.88814
81.19639,25.88814
81.048,52.872
78.32,29.984
78.008,18.824
77.66395,-40.97346
77.66395,-40.97346
76.968,1.392
76.616,17.696
75.984,57.024
75.456,-1.656
75.272,11.792
74.70491,-8.09966
73.504,10.928
72.408,-22.104
72.096,24.12
70.94329,-27.12503
70.168,6.208
70.144,-8.528
69.888,-83.208
69.55206,25.12552
69.55206,25.12552
69.304,4.744
69.208,98.848
69.01635,17.59905
69.01635,17.59905
68.936,29.384
68.6692,-75.34049
68.6692,-75.34049
68.55558,23.63654
68.55558,23.63654
68.016,-34.272
67.968,-50.472
67.336,3.76
66.69378,-10.30145
66.69378,-10.30145
66.55212,35.87928
66.224,-46.72
65.888,30.272
65.384,31.616
65.01085,53.43685
65.01085,53.43685
64.816,45.448
64.808,-14.176
64.56523,-32.72002
64.56523,-32.72002
64.51256,24.7643
64.51256,24.7643
64.136,42.992
62.496,-31.536
61.616,26.504
61.384,89.776
60.352,2.8
60.01488,-17.21603
59.856,-25.68
59.688,66.192
59.56,136.904
59.31971,22.71395
58.82984,-42.37806
58.82984,-42.37806
58.68,47.784
58.376,16.856
58.23167,8.76644
58.23167,8.76644
57.848,31.424
57.76455,32.53292
57.76455,32.53292
57.38823,-16.52122
57.38823,-16.52122
57.216,-44.976
56.616,-94.848
55.57305,-10.97807
55.57305,-10.97807
55.56,28.56
55.456,55.312
55.456,-17.648
55.384,1.168
54.59026,32.48051
54.59026,32.48051
54.32,63.344
54.272,22.832
54.08,-17.368
53.984,-11.536
53.896,5.152
53.872,-14.792
53.81648,-23.3288
53.71159,33.61554
53.71159,33.61554
53.69794,-30.63955
53.69794,-30.63955
53.184,-35.976
52.22211,13.54235
52.22211,13.54235
52.04447,-28.24044
52.04447,-28.24044
51.85316,25.49388
51.85316,25.49388
51.7471,42.56793
51.7471,42.56793
51.728,48.008
51.63003,-59.6282
51.62259,27.61834
51.62259,27.61834
51.51643,-17.05845
51.51643,-17.05845
51.45298,-41.5951
51.37847,17.44377
51.37847,17.44377
51.136,-95.728
51.104,52.064
50.968,-15.584
50.944,-12.752
50.8797,8.82335
50.584,-8.96
50.39252,35.9803
50.104,-21.992
50.05633,6.81536
50.056,3.112
49.912,2.536
49.568,65.864
49.1575,44.11464
49.1575,44.11464
48.92,30.824
48.308,-29.08168
48.308,-29.08168
48.256,-15.848
48.088,-14.728
47.992,6.016
47.816,-42.496
47.768,32.792
47.66737,-48.20398
47.66737,-48.20398
47.44,63.376
47.368,-6.8
47.128,-13.016
47.10222,-23.14478
47.096,6.392
47.032,10.72
46.87789,-22.98808
46.68827,-40.07947
46.68827,-40.07947
46.648,-19.472
46.56892,31.20507
46.56892,31.20507
46.32076,-26.33968
46.32076,-26.33968
46.27415,-13.40236
46.27415,-13.40236
46.216,-2.384
46.088,55.856
46.06246,38.28356
46.016,53.024
45.92814,-9.76621
45.92814,-9.76621
45.69174,21.94004
45.69174,21.94004
45.44,57.224
45.39969,15.49382
45.16058,-24.91738
45.16058,-24.91738
45.128,-7.528
44.6257,31.75863
44.6257,31.75863
44.384,-11.104
44.19386,-32.25935
43.984,-28.04
43.94627,-127.91319
43.94627,-127.91319
43.77094,-9.12716
43.6946,4.11366
43.192,68.2
42.872,21.8
42.86455,-20.08441
42.86455,-20.08441
42.72379,-16.93074
42.72379,-16.93074
42.61664,50.11569
42.61664,50.11569
42.496,100.36
42.42032,-32.12967
42.42032,-32.12967
42.36978,15.98302
42.36978,15.98302
42.296,-1.024
41.776,-34.592
41.34526,-49.44473
41.30057,-4.38961
41.12,22.04
41.032,68.608
40.984,31.64
40.72272,-28.50967
40.544,50.96
40.432,-10.568
40.06791,-58.95916
40.06791,-58.95916
40.016,21.656
39.99495,-29.16187
39.99495,-29.16187
39.976,-8.912
39.152,-16.48
39.14703,-23.82195
39.14703,-23.82195
39.13416,-35.23133
39.104,-38.704
39.00675,-17.35873
38.9089,-75.59676
38.9089,-75.59676
38.88812,-9.84757
38.88812,-9.84757
38.80793,23.40308
38.632,-27.08
38.2414,-27.19383
38.2414,-27.19383
38.21699,27.99347
38.21699,27.99347
38.09446,-14.14695
38.09446,-14.14695
38.08478,-10.8861
38.08478,-10.8861
38.03128,-24.22438
38.03128,-24.22438
37.952,39.608
37.888,11.272
37.78961,-10.95183
37.78961,-10.95183
37.33664,-50.86059
37.304,-6.28
37.288,19.744
37.072,13.12
37.024,-20.84
36.904,47.44
36.896,-36.712
36.79338,-22.79147
36.79338,-22.79147
36.6123,-9.13085
36.6123,-9.13085
36.584,45.2
36.53486,29.53313
36.448,-38.888
36.416,-4.168
36.352,36.736
36.304,34.552
36.07479,29.39984
36.07479,29.39984
36.02367,61.44331
36.02367,61.44331
35.87396,-33.30055
35.872,-57.8
35.83811,-25.87552
35.83811,-25.87552
35.83538,90.35299
35.83538,90.35299
35.82135,45.23979
35.82135,45.23979
35.168,-27.856
34.96,9.688
34.648,-27.824
34.544,34.208
34.50803,-12.40065
34.50803,-12.40065
34.496,-18.952
34.456,-5.6
34.408,-38.48
34.22389,-39.01124
34.22389,-39.01124
34.14805,-18.96283
34.14805,-18.96283
34.06692,-12.02848
33.952,-14.336
33.8966,23.64851
33.8966,23.64851
33.76549,60.65682
33.76549,60.65682
33.728,-24.304
33.64,-26
33.57999,-25.63089
33.57999,-25.63089
33.528,-62.064
33.44,5.72
33.36121,17.29673
33.36121,17.29673
33.03884,43.09455
33.03884,43.09455
32.70179,-24.18276
32.70179,-24.18276
32.672,9.2
32.552,-17.272
32.42,16.60363
32.42,16.60363
32.24496,-25.39733
32.24496,-25.39733
32.2,-27.128
32.07151,-13.86466
32.07151,-13.86466
32.05375,45.48117
31.984,17.632
31.72915,28.1774
31.72915,28.1774
31.61782,-117.57789
31.61782,-117.57789
31.55852,-88.93625
31.55852,-88.93625
31.496,-15.928
31.38678,23.22673
31.38678,23.22673
30.84712,-0.56395
30.728,-19.936
30.512,55.496
30.44,27.776
30.424,-0.392
30.376,-28.88
30.136,74.824
30.032,25.784
29.9662,104.88876
29.9662,104.88876
29.79892,-29.90415
29.74902,-24.87006
29.688,-43.44
29.624,11.528
29.576,44.36
29.44,21.904
29.344,96.136
29.336,36.704
29.248,-45.536
29.13872,-54.40874
29.13872,-54.40874
28.952,44.192
28.92,-70.704
28.88214,48.34375
28.88214,48.34375
28.832,39.2
28.816,86.848
28.62987,-37.7286
28.62987,-37.7286
28.48102,61.65996
28.48102,61.65996
28.32,79.2
28.232,-17.392
28.18439,-41.65826
28.18439,-41.65826
28.11401,51.07054
28.11401,51.07054
28.02147,-49.49649
27.92601,46.16308
27.92601,46.16308
27.616,-20.288
27.52,-33.776
27.46266,-13.41825
27.3563,-73.0382
27.3563,-73.0382
27.09068,52.18594
27.01887,-51.61541
27.01887,-51.61541
26.85631,-119.61803
26.85631,-119.61803
26.81615,-13.83744
26.81615,-13.83744
26.54381,-29.05324
26.54381,-29.05324
26.224,-18.752
25.576,31.552
25.51287,-19.29701
25.51287,-19.29701
25.304,-32.008
25.216,-24.8
25.208,22.76
25.14301,33.14388
25.10388,-19.64538
25.10388,-19.64538
25.07481,-49.55385
25.07481,-49.55385
24.992,-52.792
24.936,-25.296
24.87948,24.95099
24.87948,24.95099
24.6679,-81.7622
24.6679,-81.7622
24.64619,22.35694
24.64619,22.35694
24.62786,-23.33909
24.62786,-23.33909
24.616,-21.776
24.52147,-1.33902
24.52,-31.76
24.44675,-49.90833
24.44675,-49.90833
24.424,87.928
24.39884,7.59952
24.3881,-24.93299
24.3881,-24.93299
24.36408,0.55429
24.35768,51.80665
24.35768,51.80665
24.352,-22.688
24.26449,44.75485
24.26449,44.75485
24.25755,-78.74724
24.016,66.112
23.992,-32.408
23.888,37.904
23.84528,-36.99323
23.84528,-36.99323
23.53438,24.47566
23.53438,24.47566
23.48303,26.97793
23.48303,26.97793
23.43829,11.07564
23.43829,11.07564
23.03741,-34.68379
23.03393,-13.55723
22.90894,-94.5813
22.90894,-94.5813
22.84901,22.04161
22.84901,22.04161
22.84,-40.208
22.808,-10.6
22.61766,-31.29655
22.616,12.68
22.56455,-26.21409
22.56455,-26.21409
22.24,-20.456
22.14789,-79.2365
22.14789,-79.2365
22.01715,-122.53739
22.01715,-122.53739
21.824,10.232
21.68285,25.61011
21.68285,25.61011
21.66201,17.59679
21.66201,17.59679
21.424,113.704
21.39813,-98.16866
21.39813,-98.16866
21.18772,-20.25811
21.18772,-20.25811
20.768,-14.2
20.66914,-29.78905
20.66914,-29.78905
20.2772,-20.2383
20.2772,-20.2383
19.728,18.744
19.504,93.976
19.07853,12.40019
19.07853,12.40019
18.968,-68.344
18.88286,-21.17206
18.88286,-21.17206
18.752,-32.752
18.72266,76.36187
18.72266,76.36187
18.664,-19.496
18.616,-60.224
18.392,-10.24
17.94712,13.28226
17.94712,13.28226
17.68908,89.746
17.68908,89.746
17.6667,-20.89509
17.584,30.304
17.528,-9.952
17.33851,-5.62193
17.32,-92.864
17.032,-38.648
16.696,-28.88
16.61134,-72.85712
16.61134,-72.85712
16.432,57.64
16.288,-51.056
16.17993,-26.07795
16.17993,-26.07795
16.07358,-19.09461
16.07358,-19.09461
15.92,-10.432
15.89727,-3.34146
15.88569,-114.73166
15.88569,-114.73166
15.824,-12.28
15.7368,35.20836
15.448,-34.496
15.368,21.872
15.19031,34.86346
15.136,-51.752
15.08,-19.192
14.99809,-35.73869
14.99809,-35.73869
14.96055,-5.12307
14.872,-33.296
14.696,-41.92
14.56277,-22.68197
14.56277,-22.68197
14.13325,-35.79401
14.13325,-35.79401
13.51201,-41.70812
13.51201,-41.70812
13.448,-39.376
13.34008,46.12359
13.34008,46.12359
13.312,69.04
13.096,67.96
12.976,-22.304
12.77052,-43.96617
12.77052,-43.96617
12.712,17.656
12.59619,-29.59824
12.59619,-29.59824
12.21072,27.35979
12.21072,27.35979
12.152,8.264
11.896,78.64
11.888,-14.32
11.8,49.504
11.752,-23.984
11.704,58.72
11.41129,37.75688
11.41129,37.75688
11.344,114.16
11.1286,-23.79795
11.1286,-23.79795
11.104,29.104
11.04505,-15.4068
10.672,-35
10.6,70.888
10.576,61.624
10.474,-87.18747
10.474,-87.18747
9.94248,-5.73015
9.75811,-4.42461
9.73589,-1.9171
9.664,10.768
8.976,-21.576
8.81315,43.18118
8.81315,43.18118
8.80903,9.526
8.80903,9.526
8.16029,-88.21224
8.16029,-88.21224
7.904,-23.2
7.74562,-28.84532
7.74562,-28.84532
7.424,-16.624
7.048,-21.44
6.6531,-28.96378
6.6531,-28.96378
6.38812,4.42824
6.272,20.24
5.98705,-2.77339
5.72725,-107.94623
5.72725,-107.94623
5.696,22.064
4.77686,-15.62923
4.77686,-15.62923
3.05651,15.99085
3.05651,15.99085
2.44772,2.71925
2.08,31.72
0.93894,-70.16525
0.93894,-70.16525
0.60158,5.27884
0.544,25.768
0.52,-41.864
0.05693,-65.85264
0.05693,-65.85264
-0.48772,6.85115
-0.512,67.24
-2,40.624
-3.30257,-116.009
-3.30257,-116.009
-4.30949,-19.12651
-4.31886,-14.02678
-4.31886,-14.02678
-4.544,-47.048
-5.71411,-13.20513
-6.512,17.888
-7.71214,3.92084
-7.8883,-76.63185
-7.8883,-76.63185
-8.096,56.056
-8.40323,103.00666
-8.40323,103.00666
-8.59964,-36.64
-8.59964,-36.64
-11.64433,-4.46428
-11.7738,117.51286
-11.7738,117.51286
-11.928,-15.48
-12.37594,-34.16701
-12.37594,-34.16701
-12.71925,-37.67269
-12.71925,-37.67269
-16.448,-54.496
-17.0248,-11.91997
-17.0248,-11.91997
-17.43033,-48.58364
-18.13981,-6.30655
-18.14116,27.51183
-18.14116,27.51183
-18.96984,25.59832
-18.96984,25.59832
-20.288,17.632
-24.23693,3.84307
-24.25494,18.61307
-24.25494,18.61307
-24.39579,-31.85291
-24.39579,-31.85291
-26.328,6.12
-26.34453,22.31806
-26.34453,22.31806
-27.34445,-103.17683
-27.34445,-103.17683
-27.536,57.856
-28.46331,-102.65617
-28.46331,-102.65617
-28.56229,-75.60121
-28.56229,-75.60121
-30.82182,-55.82204
-30.82182,-55.82204
-33.33858,-93.24398
-33.33858,-93.24398
-33.36184,-56.99683
-33.36184,-56.99683
-34.18845,-81.61126
-34.18845,-81.61126
-34.91018,-152.70094
-34.91018,-152.70094
-36.68608,-19.51731
-36.68608,-19.51731
-37.97504,-24.66791
-37.97504,-24.66791
-39.8266,-164.51162
-39.8266,-164.51162
-42.43356,-101.02418
-42.43356,-101.02418
-44.88911,22.40401
-44.88911,22.40401
-44.936,26.864
-51.896,-48.088
-53.20318,-265.65422
-53.20318,-265.65422
-53.664,-34.032
-55.776,-13.44
-58.88853,-101.01898
-58.88853,-101.01898
-60.656,121.688
-64.17906,23.64507
-64.17906,23.64507
-75.408,24.192
-76.19187,-101.454
-76.19187,-101.454
-83.65848,-22.55795
-83.65848,-22.55795
-88.68,18.168
-95.69092,-1.58134
